학교명,설립구분,지역,학부 정원내 재학생수,학부 정원내외 재학생수,학부 및 대학원 재학생수,학부 및 대학원 재학생수,학부 및 대학원 재학생수,등록금(원),운영수입(세입총액)(원),[1.3] 세입 중 등록금 비율,기부금(원),운영수입(세입총액)(원),[1.3] 세입 중 기부금 비율,법인전입금(원),운영수입(원),[1.3] 세입 중 법인전입금 비율(사립대),법정부담금 부담액(원),법정부담금 기준액(원),[1.3] 법정부담금 부담률(사립대),법인전입금(원),법인 일반회계 재정규모(원),[1.3] 법인 재정규모 대비 법인전입금 비율(사립대),총교육비(원),등록금(원),[1.3] 교육비 환원율,[1.5] 학생 충원 성과,(취업자+창업자+진학자) 수(명),취·창업 및 진학대상자 수(명),[1.5] 졸업생 진로 성과,전임교원 확보율(%),겸임교원 확보율(%),[3.1] 전임교원 및 겸임교원 확보율,강사료 계(원),강의시간수 계(시간),[3.3] 강사 강의료,교내연구비(천원),전임교원수(명),[3.4] 전임교원 1인당 교내연구비,등재(후보)지 논문 건수(건),전임교원수(명),[3.4] 전임교원 1인당 등재(후보)지 논문 실적,SCI급 논문 건수(건),전임교원수(명),[3.4] 전임교원 1인당 SCI급 논문 실적,저역서수(건),전임교원수(명),[3.4] 전임교원 1인당 저역서 실적,교외연구비(천원),전임교원수(명),[3.4] 전임교원 1인당 교외연구비,[3.4] 연구성과 기준값 대비 실적,학부 및 대학원 재학생수,직원수(명),[3.5] 직원 1인당 학생수,장학금(원),등록금(원),[4.1] 장학금 비율,수용가능인원(명),재학생수(명),[4.5] 기숙사 수용률 I,내국인 입사 인원(명),내국인 재학생수(명),[4.5] 기숙사 수용률 II,자료구입비(원),학생수(명),[4.6] 재학생 1인당 연간 자료구입비(결산),도서관직원수(명),학부 및 대학원 재학생수,"[4.6] 재학생 1,000명당 도서관 직원수"
가야대학교,사립,경남,1450,1610,1685,1685,1685,11433880020,20735265777,55.14219,168818000,20735265777,0.81415,155660000,20735265777,0.7507,148400000,771328745,19.23952,155660000,1099173420,14.16155,21146539661,11433880020,184.94631,91.21813,345,464,74.35344,68,0.9,68.9,266031000,5010,53100.0,70500,66,1068.18181,38.8247,66,0.58825,6.3576,66,0.09632,3.2111,66,0.04865,327659,66,4964.5303,4.9146,1685,62,27.17741,1921262184,10948240190,17.54859,483,1623,29.7597,414,1609,25.73026,95000890,1734,54787.13379,2,1685,1.18694
가천대학교,사립,경기,16522,22520,26063,26063,26063,1.98885E+11,3.20672E+11,62.02136,4863383140,3.20672E+11,1.51662,6635010000,3.20672E+11,2.06909,6635010000,10700770890,62.00497,6635010000,20001643681,33.17232,3.50149E+11,1.98885E+11,176.0559,134.65678,2650,3847,68.88484,64.3,4,68.3,1832312925,33277.5,55061.61595,11661500,995,11720.1005,264.6771,995,0.266,825.0671,995,0.82921,27.7135,995,0.02785,86896589,995,87333.25527,26.54182,26063,461,56.53579,31871249965,1.63034E+11,19.54877,3015,24161,12.47878,2093,18873,11.08991,2533922976,24831,102046.7551,30.6,26063,1.17407
가톨릭관동대학교,사립,강원,4778,5229,5757,5757,5757,39737246204,78743481026,50.46417,866183720,78743481026,1.1,2412000000,78743481026,3.06311,2410000000,3377175033,71.36141,2412000000,12809226108,18.83017,83561478293,39737246204,210.28502,75.29157,965,1507,64.0345,69.2,4,73.2,47179800,873.7,54000.0,431500,355,1215.49295,129.4579,355,0.36467,50.0933,355,0.1411,16.4262,355,0.04627,6593836,355,18574.18591,6.49267,5757,229,25.13973,4912491445,35875299754,13.69324,2267,5294,42.82206,1742,5244,33.21891,356410931,5763,61844.68696,6.3,5757,1.09431
가톨릭꽃동네대학교,사립,충북,395,418,483,483,483,3300786665,9531985642,34.62853,333143000,9531985642,3.495,1500000000,9531985642,15.73649,341400000,330576600,103.27409,1500000000,2666457446,56.25441,8316942758,3300786665,251.9685,96.75925,67,89,75.28089,85.1,3.3,88.4,67885700,1175,57775.06382,26000,23,1130.43478,18.8167,23,0.81811,1.1,23,0.04782,5.5333,23,0.24057,87657,23,3811.17391,7.68475,483,40,12.075,699060914,2915506665,23.97733,193,444,43.46846,171,442,38.68778,50000000,465,107526.88172,1,483,2.07039
가톨릭대학교,사립,경기,7131,8952,11642,11642,11642,89773776206,2.41854E+11,37.11906,5133778456,2.41854E+11,2.12268,47578524568,2.41854E+11,19.67245,7964456992,7936835318,100.34801,47578524568,3.79133E+11,12.54928,2.99994E+11,89773776206,334.16707,121.39951,1028,1541,66.70992,68.2,4,72.2,1153034585,21301,54130.53776,4719040,1283,3678.12938,254.7262,1283,0.19853,785.0193,1283,0.61186,28.9735,1283,0.02258,152586792,1283,118929.68978,25.07384,11642,542,21.4797,10753668804,56713698616,18.96132,2269,10403,21.81101,1338,9042,14.79761,5228866040,10947,477652.87658,22,11642,1.8897
감리교신학대학교,사립,서울,547,564,1206,1206,1206,7387470000,13838809008,53.38226,1715426860,13838809008,12.39576,539000000,13838809008,3.89484,512761750,512761750,100.0,539000000,778726125,69.2156,11635520855,7387470000,157.50345,85.19637,93,93,100,35.8,4,39.79999,0,0,0,109500,24,4562.5,17,24,0.70833,0,24,0,2,24,0.08333,20000,24,833.33333,3.82936,1206,46,26.21739,476108362,3511494100,13.55856,280,1207,23.19801,242,1194,20.268,100202321,1211,82743.45251,2,1206,1.65837
강남대학교,사립,경기,5848,6522,6876,6876,6876,49873888627,81691764552,61.0513,962006500,81691764552,1.1776,430000000,81691764552,0.52636,430000000,3310267380,12.98988,430000000,932805300,46.0975,83336356179,49873888627,167.09416,109.35613,960,1570,61.14649,67.1,4,71.09999,908812000,16756.3,54237.03323,218880,206,1062.52427,138.3169,206,0.67144,14.078,206,0.06833,10.6805,206,0.05184,4646701,206,22556.80097,14.06092,6876,184,37.36956,6053001071,45681678137,13.25039,940,6661,14.11199,618,6342,9.74456,368651519,6600,55856.29075,6.6,6876,0.95986
강서대학교,사립,서울,1018,1742,1924,1924,1924,12348334883,17724282115,69.66902,266842331,17724282115,1.50551,350000000,17724282115,1.97469,350000000,580460660,60.29693,350000000,766171928,45.68165,15616028656,12348334883,126.46262,157.22021,153,225,68.0,66.6,4,70.59999,191904000,3489,55002.57953,60149,54,1113.87037,21.6528,54,0.40097,4.7945,54,0.08878,5.1331,54,0.09505,257038,54,4759.96296,4.98167,1924,57,33.75438,2101454587,11131251213,18.87887,208,1856,11.20689,101,1163,8.68443,123412398,1851,66673.36466,2,1924,1.0395
강원대학교,국립,강원,16925,18974,22291,22291,22291,80387599233,3.96301E+11,20.28449,4252797734,3.96301E+11,1.07312,,,,,,,,,,4.76318E+11,80387599233,592.52668,104.39614,2619,4144,63.1998,78.1,0.3,78.39999,6313082030,65088.7,96991.98217,3478364,1035,3360.73816,539.6723,1035,0.52142,525.2382,1035,0.50747,54.5237,1035,0.05267,115464961,1035,111560.34879,23.67334,22291,1018,21.89685,15185555298,73965866766,20.53049,6860,21660,31.67128,5945,19994,29.73392,4244579355,21383,198502.51858,28.85,22291,1.29424
건국대학교,사립,서울,12864,15960,20351,20351,20351,1.70842E+11,2.74181E+11,62.30998,5262966209,2.74181E+11,1.91952,3431189000,2.74181E+11,1.25143,3431189000,8501630030,40.35918,3431189000,14578412294,23.53609,3.27478E+11,1.70842E+11,191.68459,131.48788,2278,3172,71.81588,60.6,4,64.59999,62376750,1169.7,53327.13516,6225808,657,9476.11567,363.807,657,0.55373,415.7599,657,0.63281,45.3163,657,0.06897,83801495,657,127551.74277,28.14317,20351,702,28.99002,24198060436,1.20328E+11,20.11008,3113,18215,17.09031,2047,16493,12.41132,3299843070,19820,166490.56861,22.2,20351,1.09085
건국대학교(글로컬),사립,충북,6399,7190,7670,7670,7670,60024936746,1.22477E+11,49.00925,520261390,1.22477E+11,0.42478,1968811000,1.22477E+11,1.60749,1968811000,4551086220,43.26024,1968811000,14578412294,13.50497,1.16227E+11,60024936746,193.63064,113.47853,1092,1662,65.70397,64.5,4,68.5,678024960,12172.8,55700.0,1341000,407,3294.84029,162.1309,407,0.39835,123.643,407,0.30379,27.2646,407,0.06698,14924874,407,36670.45208,11.99751,7670,228,33.64035,9573206679,54163883947,17.67452,2286,7574,30.1822,2163,7327,29.52094,875589065,7415,118083.48819,9.4,7670,1.22555
건양대학교,사립,충남,5865,6372,7050,7050,7050,45521868566,1.12188E+11,40.5764,2130668420,1.12188E+11,1.89919,4616095370,1.12188E+11,4.1146,4616095370,4605658040,100.22661,4616095370,43820058818,10.5342,1.11427E+11,45521868566,244.77769,95.71879,1134,1482,76.51821,67.8,4,71.8,247286000,4495,55013.57063,574348,350,1640.99428,170.6551,350,0.48758,66.2783,350,0.18936,10.4929,350,0.02997,12635715,350,36102.04285,9.2903,7050,216,32.63888,8960872408,40827047549,21.94837,2595,6652,39.01082,2258,6447,35.02404,667185685,6893,96791.77208,7.6,7050,1.07801
경기대학교,사립,경기,12014,13732,15784,15784,15784,1.13769E+11,1.81132E+11,62.8102,2195764761,1.81132E+11,1.21224,10000000,1.81132E+11,0.00552,10000000,6653376715,0.15029,10000000,211944410,4.71821,1.7001E+11,1.13769E+11,149.43396,116.3433,1932,2995,64.50751,64.6,4,68.59999,570240000,10560,54000.0,989738,485,2040.6969,316.9513,485,0.6535,159.2236,485,0.32829,33.6506,485,0.06938,18304262,485,37740.74639,13.36353,15784,243,64.95473,18345884635,91033983000,20.15278,2235,14795,15.10645,1933,13913,13.89348,907655310,15997,56739.09545,18,15784,1.14039
경남대학교,사립,경남,7458,8352,9577,9577,9577,59575995484,1.20193E+11,49.56705,1185497830,1.20193E+11,0.98633,1750000000,1.20193E+11,1.45599,1750000000,4492328020,38.9553,1750000000,2059082705,84.9893,1.33527E+11,59575995484,224.12928,100.78436,1455,2373,61.31479,77.6,4,81.59999,547425000,10137.5,54000.0,547000,365,1498.63013,246.5693,365,0.67553,47.9448,365,0.13135,42.3967,365,0.11615,4917344,365,13472.17534,7.84034,9577,270,35.47037,10271796379,51029360337,20.12918,1599,8825,18.11898,1252,8315,15.05712,1011262926,9915,101993.23509,12.8,9577,1.33653
경동대학교,사립,강원,5637,7145,7204,7204,7204,62381385426,99699455018,62.56943,376769621,99699455018,0.3779,1803800120,99699455018,1.80923,1803800120,1803800120,100.0,1803800120,2720632816,66.30075,80695009951,62381385426,129.35751,113.25091,1169,1517,77.05998,63.7,2.4,66.1,304885000,5620,54250.0,212000,220,963.63636,82.0373,220,0.37289,20.1022,220,0.09137,26.6134,220,0.12097,199910,220,908.68181,4.99992,7204,148,48.67567,13008281496,62319285426,20.8736,2253,7173,31.40945,1238,6009,20.60242,375521870,7036,53371.49943,7.8,7204,1.08273
경북대학교,국립,대구,20386,22562,28581,28581,28581,1.11626E+11,5.50756E+11,20.26776,5698337836,5.50756E+11,1.03463,,,,,,,,,,7.04103E+11,1.11626E+11,630.76985,117.70045,2944,4589,64.15341,72.6,0.6,73.19999,4314553452,44174,97671.78548,15550020,1428,10889.36974,596.8919,1428,0.41799,913.8908,1428,0.63997,61.1865,1428,0.04284,222397696,1428,155740.68347,30.28204,28581,1064,26.86184,18469893782,88470232720,20.87695,6169,26010,23.7178,4966,24761,20.05573,6052106547,27535,219796.86025,47.2,28581,1.65144
경상국립대학교,국립,경남,15263,16424,19170,19170,19170,69247257565,4.31238E+11,16.05779,3488824521,4.31238E+11,0.80902,,,,,,,,,,4.32229E+11,69247257565,624.18174,93.75499,1693,2822,59.99291,82.8,0.4,83.2,4546657080,44185.2,102900.0,8644406,1050,8232.76761,688.6563,1050,0.65586,477.5431,1050,0.4548,62.0534,1050,0.05909,103633976,1050,98699.02476,21.82483,19170,856,22.39485,10527126747,57362756000,18.35184,5265,19367,27.18541,4925,19028,25.8829,4562937868,17672,258201.55432,31,19170,1.61711
경성대학교,사립,부산,10134,12568,13209,13209,13209,87169578135,1.41864E+11,61.44571,991155465,1.41864E+11,0.69866,70000000,1.41864E+11,0.04934,70000000,5174173350,1.35287,70000000,2189768101,3.19668,1.18364E+11,87169578135,135.78573,113.27625,1366,2415,56.56314,59.5,4,63.5,860130000,15090,57000.0,1217686,363,3354.50688,154.7093,363,0.42619,42.2195,363,0.1163,24.1763,363,0.0666,10618483,363,29252.01928,7.57907,13209,234,56.44871,12385830409,81402889935,15.21546,1470,13144,11.18381,1177,11011,10.68931,655631245,12866,50958.43657,13,13209,0.98417
경운대학교,사립,경북,4207,5074,5580,5580,5580,38597780801,67014184524,57.59643,657990740,67014184524,0.98186,469024000,67014184524,0.69988,469024000,1681929000,27.88607,469024000,1616523917,29.01435,60104590955,38597780801,155.72032,107.13682,642,910,70.54945,58.6,0.2,58.8,592410000,9285,63802.90791,175430,163,1076.25766,81.862,163,0.50222,3.0222,163,0.01854,13.3484,163,0.08189,3041963,163,18662.34969,5.03684,5580,166,33.61445,10781182867,36569720801,29.48117,1719,5388,31.90423,697,4296,16.22439,336811604,4980,67632.8522,5.8,5580,1.03942
경일대학교,사립,경북,5920,6930,7463,7463,7463,49216137850,92944509993,52.95217,739426652,92944509993,0.79555,435000000,92944509993,0.46802,435000000,2704627290,16.08354,435000000,7769601012,5.59874,85010732415,49216137850,172.72938,112.09964,957,1492,64.14209,67.8,4,71.8,0,0,0,318000,238,1336.13445,109.8578,238,0.46158,18.5186,238,0.0778,7.2083,238,0.03028,3506929,238,14734.99579,4.85328,7463,184,40.55978,8317329889,44372681280,18.74425,1726,7300,23.64383,998,6342,15.73636,419997495,7301,57526.02314,8,7463,1.07195
경희대학교,사립,서울,20048,25573,34332,34332,34332,3.03069E+11,4.80024E+11,63.13633,11617239233,4.80024E+11,2.42013,13164628500,4.80024E+11,2.74249,13164628500,20855588308,63.12278,13164628500,20191323372,65.19943,6.01344E+11,3.03069E+11,198.41793,127.76278,3728,5398,69.06261,64.7,4,68.7,3512205960,59265.1,59262.6345,17603857,1395,12619.25232,598.5135,1395,0.42904,978.8631,1395,0.70169,105.6183,1395,0.07571,167246951,1395,119890.28745,28.5106,34332,1170,29.34358,36655527144,1.91437E+11,19.14758,4946,28963,17.07696,3910,23848,16.3955,7220329122,33866,213202.89145,41,34332,1.19422
계명대학교,사립,대구,17957,20491,22419,22419,22419,1.63379E+11,3.19981E+11,51.05899,4022610428,3.19981E+11,1.25714,7140666328,3.19981E+11,2.23159,7140666328,11293959860,63.22553,7140666328,9430223580,75.72107,2.89244E+11,1.63379E+11,177.03856,109.5541,2508,4411,56.85785,63.9,4,67.9,1443037500,19153,75342.63561,3208000,837,3832.73596,472.0471,837,0.56397,280.3535,837,0.33495,91.4994,837,0.10931,39960231,837,47742.21146,14.90655,22419,508,44.13188,27081700018,1.4584E+11,18.56943,2932,21849,13.41937,1855,19917,9.31365,2732589520,22082,123747.37433,25.5,22419,1.13742
고려대학교,사립,서울,16526,21772,32180,32180,32180,3.20676E+11,6.77185E+11,47.35428,85525943607,6.77185E+11,12.62962,15156260780,6.77185E+11,2.23812,15021260780,24163041362,62.16626,15156260780,30405546820,49.84702,9.92706E+11,3.20676E+11,309.56654,134.73606,2974,3855,77.14656,77.3,4,81.3,2534531800,42918,59055.21692,24371106,1601,15222.42723,475.6851,1601,0.29711,1349.1166,1601,0.84267,61.9031,1601,0.03866,464860251,1601,290356.18425,47.38237,32180,1180,27.27118,38897349713,1.61405E+11,24.09926,3301,28663,11.51658,2163,24845,8.70597,9668812421,30683,315119.52615,39.9,32180,1.2399
고려대학교(세종),사립,충남,5692,6714,7671,7671,7671,63446378480,1.05754E+11,59.99455,1183558661,1.05754E+11,1.11916,2232501460,1.05754E+11,2.11104,2232501460,3701109228,60.31979,2232501460,30405546820,7.34241,1.47411E+11,63446378480,232.33948,113.73877,861,1318,65.32625,69.4,2,71.4,686835200,12448,55176.34961,1955718,257,7609.79766,85.2943,257,0.33188,99.3509,257,0.38657,11.0457,257,0.04297,35533818,257,138263.88326,23.22254,7671,240,31.9625,9816597645,51435498700,19.08525,2608,7319,35.63328,2374,6731,35.26964,723026080,7322,98747.07456,9,7671,1.17324
고신대학교,사립,부산,3153,3263,3919,3919,3919,21362326642,56335913351,37.91955,4294155806,56335913351,7.62241,4669270186,56335913351,8.28826,4669270186,3328728714,140.27187,4669270186,5515950529,84.65032,53337709567,21362326642,249.68118,94.96507,471,673,69.98514,67.1,2.5,69.59999,14857500,277,53637.18411,384060,252,1524.04761,68.2624,252,0.27088,14.3834,252,0.05707,19.4611,252,0.07722,1219762,252,4840.32539,3.68663,3919,149,26.30201,3720083652,16465607688,22.59305,1659,3769,44.01698,860,3713,23.16186,746288147,3613,206556.36507,4.8,3919,1.2248
광신대학교,사립,광주,398,436,956,956,956,5519421068,10270233740,53.74192,387495254,10270233740,3.77299,2392284214,10270233740,23.29337,613538701,393857850,155.77668,2392284214,7152412299,33.44723,8309526859,5519421068,150.55069,96.03524,61,76,80.26315,89.2,4,93.2,79380000,1470,54000.0,49260,50,985.2,27.3,50,0.546,3,50,0.06,4.7846,50,0.09569,0,50,0,3.15486,956,29,32.96551,559645477,2521581000,22.19422,224,955,23.45549,22,904,2.43362,67756630,965,70214.12435,2.5,956,2.61506
광운대학교,사립,서울,6723,8414,10060,10060,10060,79799260160,1.22538E+11,65.12196,1165167544,1.22538E+11,0.95086,225000000,1.22538E+11,0.18361,225000000,5044274112,4.4605,225000000,2372127622,9.48515,1.53548E+11,79799260160,192.41829,119.551,1134,1723,65.81543,62.1,4,66.09999,619416000,11250,55059.2,3675248,307,11971.49185,167.9164,307,0.54695,168.1007,307,0.54755,14.6895,307,0.04784,44845320,307,146075.96091,27.91899,10060,268,37.53731,10527254618,60812049440,17.31113,1069,8710,12.27324,891,7849,11.35176,1531238005,9897,154717.38961,9.8,10060,0.97415
광주가톨릭대학교,사립,전남,61,61,102,102,102,0,1073552082,0.0,148960000,1073552082,13.87543,268155000,1073552082,24.97829,151460170,151460170,100.0,268155000,614064562,43.66886,2811728359,0,0,38.125,8,8,100,125,0,0,13680000,240,57000.0,0,15,0,4,15,0.26666,0,15,0,1,15,0.06666,0,15,0,1.87301,102,20,5.09999,0,0,0,223,102,218.62745,223,101,220.79207,104000000,97,1072164.94845,2,102,19.60784
광주대학교,사립,광주,4479,4900,5401,5401,5401,35598682223,68558223711,51.92474,502833747,68558223711,0.73344,500000000,68558223711,0.7293,500000000,2346764460,21.30593,500000000,2196177386,22.76683,65785488373,35598682223,184.79753,90.53954,892,1401,63.6688,72.4,4,76.4,286715000,5213,55000.0,266790,200,1333.95,174.0166,200,0.87008,21.1237,200,0.10561,7.0055,200,0.03502,1473295,200,7366.475,5.91876,5401,135,40.0074,6140237171,32157906763,19.09402,1387,5239,26.47451,1116,4927,22.6507,346163943,5648,61289.64996,9,5401,1.66635
광주여자대학교,사립,광주,2978,3239,3494,3494,3494,21334241946,43165602383,49.42417,310384280,43165602383,0.71905,20000000,43165602383,0.04633,19000000,1215770345,1.56279,20000000,9360760666,0.21365,34993689383,21334241946,164.02593,89.69814,534,822,64.9635,67.9,4,71.9,223155000,4132.5,54000.0,132500,123,1077.23577,142.5657,123,1.15907,6.8752,123,0.05589,12.3247,123,0.1002,849709,123,6908.20325,6.79038,3494,85,41.10588,4070255609,19670770109,20.69189,1104,3329,33.16311,699,2835,24.65608,189378600,3506,54015.5733,4,3494,1.14481
국립강릉원주대학교,국립,강원,6200,6681,7353,7353,7353,26509734450,1.53996E+11,17.21457,846159885,1.53996E+11,0.54946,,,,,,,,,,1.51277E+11,26509734450,570.64644,96.47653,1012,1601,63.21049,82.1,1,83.09999,2294609675,23220,98820.39944,564700,371,1522.10242,227.3346,371,0.61276,122.9129,371,0.3313,31.6998,371,0.08544,16813513,371,45319.44204,14.33279,7353,373,19.71313,6472549090,27770884900,23.30696,2729,7026,38.84144,2416,6792,35.57126,213293800,7495,28458.14543,2.6,7353,0.35359
국립경국대학교,국립,경북,4372,4602,5184,5184,5184,16371985410,1.21683E+11,13.45457,330382000,1.21683E+11,0.2715,,,,,,,,,,1.2072E+11,16371985410,737.35536,81.75519,704,1177,59.81308,92.1,3.4,95.5,1130834925,13266,85243.09701,419000,292,1434.9315,231.5024,292,0.79281,76.7622,292,0.26288,33.3859,292,0.11433,23594701,292,80803.77054,17.50883,5184,484,10.71074,3542713950,16739772240,21.16345,1686,5386,31.30337,1603,5301,30.23957,650000000,5322,122134.53588,11,5184,2.12191
국립공주대학교,국립,충남,10618,12357,15081,15081,15081,46546330260,2.47769E+11,18.78617,1070890214,2.47769E+11,0.43221,,,,,,,,,,2.34678E+11,46546330260,504.18181,109.43145,1627,2618,62.14667,77.5,0.8,78.3,3694384500,36255,101900.0,1679554,573,2931.15881,398.9067,573,0.69617,235.2459,573,0.41055,45.55,573,0.07949,54700794,573,95463.86387,21.07137,15081,609,24.76354,8301012820,42506454630,19.52882,4568,13435,34.00074,4405,13127,33.55679,1263372930,14840,85132.94676,19.6,15081,1.29964
국립군산대학교,국립,전북,5719,6221,7169,7169,7169,24300542260,1.2898E+11,18.84058,248696552,1.2898E+11,0.19281,,,,,,,,,,1.45343E+11,24300542260,598.10536,90.63228,756,1323,57.14285,85.5,0.9,86.4,1136439750,13155,86388.42645,1464270,338,4332.15976,190.5218,338,0.56367,109.3271,338,0.32345,30.2037,338,0.08936,32488317,338,96119.28106,19.18081,7169,328,21.8567,4049313153,20296983860,19.95031,1718,6980,24.61318,1417,6303,22.48135,831488855,7205,115404.42123,12,7169,1.67387
국립금오공과대학교,국립,경북,4491,4895,5581,5581,5581,18626133890,95726786776,19.45759,526804618,95726786776,0.55032,,,,,,,,,,1.12687E+11,18626133890,604.99147,99.20956,849,1245,68.19277,79.5,0.4,79.9,845260500,8325,101532.79279,1596300,241,6623.65145,126.2934,241,0.52403,123.1458,241,0.51097,13.0657,241,0.05421,25983277,241,107814.42738,23.40184,5581,300,18.60333,3311658919,17534265290,18.88678,2052,5191,39.52995,1964,5084,38.63099,1209329252,5654,213889.14962,7.5,5581,1.34384
국립목포대학교,국립,전남,5172,5664,6367,6367,6367,20542940709,1.471E+11,13.96524,1263204223,1.471E+11,0.85873,,,,,,,,,,1.55516E+11,20542940709,757.0277,93.28063,977,1412,69.19263,86.4,1,87.4,1062241050,11623.5,91387.36611,914400,307,2978.50162,218.6682,307,0.71227,91.5844,307,0.29832,29.1414,307,0.09492,29623833,307,96494.57003,19.23298,6367,281,22.65836,4056534246,20006699009,20.27587,1261,6246,20.18892,1213,6145,19.73962,652302341,6436,101352.13502,7.8,6367,1.22506
국립목포해양대학교,국립,전남,2501,2646,2739,2739,2739,7780437660,78274921122,9.93988,802261000,78274921122,1.02492,,,,,,,,,,60596211420,7780437660,778.82779,96.67519,510,643,79.3157,87.5,0.8,88.3,555390000,5445,102000.0,217298,127,1711.00787,65.4453,127,0.51531,27.4405,127,0.21606,12.3166,127,0.09698,11541312,127,90876.47244,16.49767,2739,206,13.29611,1772948160,8368563140,21.18581,2257,2731,82.64372,2032,2716,74.8159,290285813,2628,110458.83295,3.8,2739,1.38736
국립부경대학교,국립,부산,13194,15131,17564,17564,17564,58723758792,2.68757E+11,21.85014,2060045665,2.68757E+11,0.7665,,,,,,,,,,3.21876E+11,58723758792,548.11908,114.82886,2003,3291,60.86295,72,1.9,73.9,3240386280,35608.5,91000.3589,8126484,630,12899.18095,422.5871,630,0.67077,407.7425,630,0.64721,77.8902,630,0.12363,103246729,630,163883.69682,33.30965,17564,655,26.81526,11702392418,57203599780,20.45744,3698,16501,22.41076,2931,15244,19.22723,2818298055,17886,157570.05786,17.5,17564,0.99635
국립순천대학교,국립,전남,5805,6352,7169,7169,7169,25338558130,1.39867E+11,18.11613,1069038950,1.39867E+11,0.76432,,,,,,,,,,1.45011E+11,25338558130,572.29524,98.23693,844,1405,60.07117,82.8,1.3,84.1,1940917660,22467,86389.71202,792000,314,2522.29299,174.2647,314,0.55498,113.6096,314,0.36181,15.7774,314,0.05024,24390256,314,77675.97452,17.42698,7169,347,20.65994,5047010644,24852140110,20.30815,2076,6848,30.31542,1813,6564,27.62035,1424473395,7161,198921.01591,9,7169,1.2554
국립창원대학교,국립,경남,6749,7401,8858,8858,8858,29172462590,1.7178E+11,16.98247,1125540432,1.7178E+11,0.65522,,,,,,,,,,1.80916E+11,29172462590,620.16084,105.5928,1053,1679,62.7159,75.7,2.1,77.8,2287354400,23632,96790.55517,1541214,345,4467.28695,253.1155,345,0.73366,119.0744,345,0.34514,18.3,345,0.05304,29001658,345,84062.77681,18.28939,8858,370,23.94054,6180597079,23725741420,26.05017,1920,8278,23.194,1847,7978,23.15116,1182299290,8906,132753.12036,13.8,8858,1.55791
국립한국교통대학교,국립,충북,7167,7950,8576,8576,8576,29013292526,1.73445E+11,16.72769,1005024681,1.73445E+11,0.57944,,,,,,,,,,1.63158E+11,29013292526,562.35744,103.82656,1276,1862,68.52846,77.3,1,78.3,2120311075,23184,91455.7917,4696200,325,14449.84615,196.4795,325,0.60455,83.4522,325,0.25677,21.3888,325,0.06581,48409133,325,148951.17846,22.85479,8576,393,21.82188,6119330385,30593183669,20.00226,2192,8388,26.13257,1938,8316,23.30447,1168329560,8504,137385.88428,11.5,8576,1.34095
국립한국해양대학교,국립,부산,5746,6326,7312,7312,7312,22131739260,1.71828E+11,12.88016,3875393089,1.71828E+11,2.25538,,,,,,,,,,1.71052E+11,22131739260,772.88163,115.26967,975,1323,73.69614,79.4,3.2,82.6,1461915000,15307.5,95503.18471,1019531,282,3615.35815,186.6234,282,0.66178,117.504,282,0.41668,20.5266,282,0.07278,32226619,282,114278.79078,22.86546,7312,299,24.45484,4716780230,19801653960,23.82013,2768,6860,40.34985,2589,6682,38.74588,1177208461,7184,163865.32029,10,7312,1.36761
국립한밭대학교,국립,대전,7333,8243,8935,8935,8935,32089758320,1.34083E+11,23.93274,1266138195,1.34083E+11,0.94429,,,,,,,,,,1.55316E+11,32089758320,484.00558,108.27531,1129,1789,63.10788,67.8,1.3,69.09999,2466826950,24198,101943.42301,1310412,289,4534.29757,118.2769,289,0.40926,108.7309,289,0.37623,15,289,0.0519,24868434,289,86049.94463,18.16399,8935,299,29.88294,6136853150,34029385380,18.03398,1436,8068,17.79871,1251,7877,15.88168,1188095953,8872,133915.23365,10,8935,1.11919
국민대학교,사립,서울,11732,14502,18064,18064,18064,1.56606E+11,2.38466E+11,65.67249,3589065501,2.38466E+11,1.50506,2508000000,2.38466E+11,1.05172,2508000000,8545799808,29.34775,2508000000,3416773668,73.40257,3.02604E+11,1.56606E+11,193.22561,121.65086,2156,3077,70.06824,72.4,4,76.4,1176353340,21240,55383.86723,7748033,651,11901.74039,461.2685,651,0.70855,267.8261,651,0.4114,42.4452,651,0.06519,67145537,651,103142.14592,21.65346,18064,494,36.5668,22377349352,1.108E+11,20.19624,2130,15996,13.31582,1559,13838,11.26607,2302943710,18057,127537.44863,21.4,18064,1.18467
극동대학교,사립,충북,2474,3165,3449,3449,3449,23460067049,35036394263,66.95913,233179600,35036394263,0.66553,280000000,35036394263,0.79916,280000000,1248228504,22.43179,280000000,-142296933,-196.77164,32277189641,23460067049,137.58353,89.23033,501,762,65.74803,60.5,4,64.5,456030000,8445,54000.0,149348,109,1370.16513,72.6477,109,0.66649,12.3106,109,0.11294,23.4833,109,0.21544,1495748,109,13722.45871,9.12605,3449,78,44.21794,3735360171,21329569469,17.51259,1082,3298,32.80776,650,2491,26.09393,278367988,3158,88146.92463,4.8,3449,1.3917
금강대학교,사립,충남,62,62,78,78,78,721268000,6359516895,11.34155,63667320,6359516895,1.00113,4300000000,6359516895,67.61519,183836190,183836190,100.0,4300000000,6403709861,67.14857,5619711522,721268000,779.14333,14.0909,38,74,51.35135,65,0,0,44550000,840,53035.71428,0,13,0,7.25,13,0.55769,0,13,0,2.1,13,0.16153,0,13,0,4.28571,78,25,3.12,471295027,597233000,78.91309,215,80,268.75,57,79,72.15189,29238340,115,254246.43478,1,78,12.82051
김천대학교,사립,경북,2009,2319,2514,2514,2514,16195332777,31408696915,51.56321,1857541222,31408696915,5.91409,1900000000,31408696915,6.04927,1199488320,1160943290,103.32014,1900000000,1976011526,96.15328,26561473284,16195332777,164.00696,90.33891,427,579,73.74784,75.1,4,79.09999,192450000,3420,56271.92982,128880,100,1288.8,50.3882,100,0.50388,6.0388,100,0.06038,7.25,100,0.07249,1353023,100,13530.23,5.20877,2514,94,26.74468,3852076226,15047962777,25.59865,1281,2401,53.35276,600,2065,29.05569,129295426,2340,55254.45555,2,2514,0.79554
나사렛대학교,사립,충남,3972,4494,4782,4782,4782,35051070580,65554672155,53.46845,365488025,65554672155,0.55753,87000000,65554672155,0.13271,54000000,1979360460,2.72815,87000000,207501063,41.92749,50968224886,35051070580,145.41132,93.93812,631,983,64.19125,67,3.3,70.3,222194500,4039.9,55000.0,164956,157,1050.67515,90.1593,157,0.57426,8.5737,157,0.0546,2.6334,157,0.01677,997688,157,6354.70063,5.09765,4782,110,43.47272,6376490497,32955108470,19.34901,1026,4127,24.86067,842,3927,21.4413,291293530,4932,59061.94849,5,4782,1.04558
남부대학교,사립,광주,2135,2364,2788,2788,2788,17532404286,41173520138,42.58174,229479620,41173520138,0.55734,236000000,41173520138,0.57318,236000000,930850220,25.35316,236000000,474421476,49.74479,35369982706,17532404286,201.74062,94.29597,398,572,69.58041,72.9,4,76.9,38232000,708,54000.0,117700,108,1089.81481,74.4399,108,0.68925,6.931,108,0.06417,10.4484,108,0.09674,226905,108,2100.97222,5.07533,2788,62,44.96774,2815557507,14869153116,18.93556,988,2434,40.59161,504,2298,21.93211,170244193,3018,56409.60669,3.8,2788,1.36298
남서울대학교,사립,충남,7655,8922,9920,9920,9920,74009957939,1.24222E+11,59.57874,502510850,1.24222E+11,0.40452,970000000,1.24222E+11,0.78085,970000000,3449617211,28.11906,970000000,857942550,113.06118,1.09445E+11,74009957939,147.87929,101.29427,1345,2010,66.91542,61.6,4,65.59999,960972000,17890.5,53714.09407,459400,293,1567.91808,221.9653,293,0.75756,30.3521,293,0.10359,22.711,293,0.07751,5558547,293,18971.15017,7.42525,9920,266,37.29323,12850934373,67371849740,19.07463,1332,9263,14.37979,1058,7840,13.49489,606119171,9621,62999.60201,12,9920,1.20967
단국대학교,사립,경기,19154,21920,26123,26123,26123,2.1815E+11,3.26771E+11,66.75918,5828592441,3.26771E+11,1.78369,11060000000,3.26771E+11,3.38463,11060000000,13892987514,79.6085,11060000000,25045562383,44.15951,3.77311E+11,2.1815E+11,172.95972,116.70748,3168,4885,64.85158,67.3,3.6,70.89999,2104285500,38875,54129.53054,4190405,1003,4177.87138,686.6241,1003,0.68457,367.8727,1003,0.36677,32.1576,1003,0.03206,65246914,1003,65051.75872,16.33089,26123,584,44.73116,26413496889,1.66667E+11,15.84808,4684,23756,19.71712,3620,22441,16.13118,3547826562,25916,136897.15087,29.2,26123,1.11778
대구가톨릭대학교,사립,경북,9516,11320,12977,12977,12977,86462960384,1.58536E+11,54.53846,2178318926,1.58536E+11,1.37402,6400000000,1.58536E+11,4.03694,6116843991,6134035721,99.71973,6400000000,15082483563,42.43332,1.58291E+11,86462960384,183.07354,108.04619,1405,2303,61.00738,61.9,3,64.9,1372297078,24785,55368.04833,919000,533,1724.20262,149.9641,533,0.28135,101.6314,533,0.19067,19.4806,533,0.03654,20122510,533,37753.30206,9.00192,12977,417,31.1199,12279540178,72042526997,17.04484,2786,12336,22.5843,2041,11019,18.52255,1730711906,12041,143734.89793,14,12977,1.07883
대구대학교,사립,경북,13080,15459,16976,16976,16976,1.14172E+11,2.11208E+11,54.05665,1290055614,2.11208E+11,0.61079,2500000000,2.11208E+11,1.18366,2500000000,7046538103,35.47841,2500000000,4432361015,56.40334,2.03275E+11,1.14172E+11,178.04287,100.93366,2005,3515,57.04125,62.8,4,66.8,624839865,8265,75600.70961,677300,499,1357.31462,276.9879,499,0.55508,94.5914,499,0.18956,26.6245,499,0.05335,10224553,499,20490.08617,8.31546,16976,369,46.00542,15466261874,1.0219E+11,15.13482,4292,16230,26.44485,3491,14469,24.12744,958165355,16876,56776.80463,17.5,16976,1.03086
대구예술대학교,사립,경북,153,250,250,250,250,2125796666,4750130047,44.75238,20000000,4750130047,0.42104,44000000,4750130047,0.92629,44000000,251983890,17.46143,44000000,196700980,22.36897,5074747050,2125796666,238.72212,20.11263,80,149,53.69127,26.9,3.3,30.2,28217000,806.2,35000.0,0,17,0,2.5,17,0.14705,0,17,0,1,17,0.05882,0,17,0,1.40056,250,26,9.61538,227754056,2121496666,10.73553,103,250,41.19999,49,154,31.81818,8965320,278,32249.35251,1,250,4.0
대구한의대학교,사립,경북,5225,6961,7503,7503,7503,49378060580,99532433439,49.61002,647107720,99532433439,0.65014,440000000,99532433439,0.44206,360000000,2966900254,12.13387,440000000,3199834911,13.7507,97232919786,49378060580,196.91522,114.5278,1031,1500,68.73333,62.7,2.6,65.3,194366250,3202.5,60692.03747,283000,223,1269.05829,92.9031,223,0.4166,18.4994,223,0.08295,15.358,223,0.06886,6562628,223,29428.82511,6.94015,7503,229,32.76419,10168076117,45423395740,22.3851,911,7149,12.74304,779,5808,13.41253,399550000,7105,56235.04574,9,7503,1.19952
대신대학교,사립,경북,483,1335,1632,1632,1632,4674219347,8448390356,55.32674,316291554,8448390356,3.7438,610000000,8448390356,7.22031,220000000,194451620,113.13868,610000000,997352580,61.16192,6587173428,4674219347,140.92563,268.07228,50,75,66.66666,51.3,1.5,52.8,2925000,45,65000,28600,39,733.33333,13.3,39,0.34102,0,39,0,2,39,0.05128,12910,39,331.02564,1.99457,1632,21,77.71428,791420071,3470400667,22.80486,117,776,15.07731,48,-162,-29.62963,39998490,689,58052.96081,1.5,1632,0.91911
대전가톨릭대학교,사립,충남,34,35,55,55,55,303460000,2826361876,10.73677,1232488598,2826361876,43.60689,920000000,2826361876,32.55067,152659890,152659890,100.0,920000000,1574625417,58.42659,3471931980,303460000,1144.11519,21.875,7,7,100,91.6,0,0,20250000,405,50000.0,5200,11,472.72727,3,11,0.27272,0,11,0,3,11,0.27272,0,11,0,5.32467,55,37,1.48648,58360000,187200000,31.17521,519,55,943.63636,51,54,94.44444,47760013,53,901132.32075,2,55,36.36363
대전대학교,사립,대전,7061,7823,8405,8405,8405,58140167593,1.04218E+11,55.78706,631618587,1.04218E+11,0.60605,1020000000,1.04218E+11,0.97871,1000000000,3039424291,32.90096,1020000000,1690668991,60.33114,1.18997E+11,58140167593,204.67191,103.04267,1090,1760,61.93181,67.1,4,71.09999,821609925,15015,54719.27572,365000,277,1317.68953,122.2194,277,0.44122,45.3546,277,0.16373,11.7679,277,0.04248,10442703,277,37699.2888,9.01332,8405,174,48.30459,10135260232,50973131592,19.88353,2287,8192,27.91748,1879,7896,23.79685,869026186,8531,101866.86039,9,8405,1.07079
대전신학대학교,사립,대전,48,48,180,180,180,1022172013,2483307755,41.16171,796742088,2483307755,32.0839,315603510,2483307755,12.70899,150000000,136353600,110.00809,315603510,436577638,72.29035,2497824174,1022172013,244.36436,37.5,4,4,100,43.7,4,47.7,0,0,0,0,7,0,4,7,0.57142,0,7,0,1.45,7,0.20714,0,7,0,5.08503,180,8,22.5,68234664,288901000,23.6187,0,0,0,0,0,0,2442140,176,13875.79545,1,180,5.55555
대진대학교,사립,경기,6247,7751,8135,8135,8135,58288153300,1.00121E+11,58.21786,1452663150,1.00121E+11,1.45091,4177631000,1.00121E+11,4.17259,4019411000,4015474540,100.09803,4177631000,18128918837,23.04401,86136200209,58288153300,147.77651,111.75028,950,1466,64.80218,61.1,0.9,62.0,499770000,8910,56090.90909,443245,231,1918.80952,135.001,231,0.58441,42.8957,231,0.18569,12.5362,231,0.05426,4766844,231,20635.68831,8.35174,8135,238,34.18067,9613820935,54036404200,17.79137,1515,7945,19.06859,562,6764,8.30869,625761078,7672,81564.26981,7.9,8135,0.97111
덕성여자대학교,사립,서울,4898,5566,5838,5838,5838,40101606760,76495675992,52.42336,642466880,76495675992,0.83987,3987895000,76495675992,5.21322,2953873000,2953722190,100.0051,3987895000,11990048816,33.26003,72592176159,40101606760,181.02061,120.21598,810,1276,63.47962,73.2,4,77.2,667330200,11411.8,58477.2078,251740,197,1277.86802,134.1778,197,0.6811,47.5659,197,0.24145,14.2512,197,0.07234,5771398,197,29296.43654,10.91037,5838,177,32.98305,5740369261,36938385720,15.54039,880,5737,15.33902,536,5522,9.70662,499351853,5686,87821.28965,12.5,5838,2.14114
동국대학교,사립,서울,11112,13841,18545,18545,18545,1.59228E+11,2.5694E+11,61.9709,13907405037,2.5694E+11,5.4127,5918000000,2.5694E+11,2.30325,5915000000,9793340414,60.39818,5918000000,21349914034,27.71908,3.12449E+11,1.59228E+11,196.22731,123.41506,1989,2832,70.23305,65.4,4,69.4,1837423200,32905.4,55839.56432,6326674,686,9222.55685,432.1067,686,0.62989,470.7765,686,0.68626,39.3909,686,0.05742,85026246,686,123944.96501,28.87647,18545,580,31.97413,21751428305,1.02819E+11,21.15515,2221,16213,13.69888,1308,13690,9.55441,2770768124,17982,154085.64809,23.5,18545,1.26718
동국대학교(WISE),사립,경북,6139,6898,7312,7312,7312,53881026602,96512123417,55.82824,2975994214,96512123417,3.08354,2754000000,96512123417,2.85352,2754000000,3871258735,71.13965,2754000000,21349914034,12.89934,99155087812,53881026602,184.02598,94.54495,884,1405,62.91814,71.8,3,74.8,1005197750,17051.2,58951.73066,714125,300,2380.41666,147.6739,300,0.49224,85.9956,300,0.28665,13.7761,300,0.04592,13546441,300,45154.80333,12.42027,7312,161,45.41614,8565749000,49495093002,17.30625,1839,7104,25.88682,1413,6697,21.09899,729044190,6782,107496.93158,8.6,7312,1.17614
동덕여자대학교,사립,서울,5560,6392,6722,6722,6722,53042371390,89333908041,59.3754,818158380,89333908041,0.91584,320000000,89333908041,0.3582,320000000,3111042490,10.28594,320000000,2068022920,15.47371,76245008507,53042371390,143.74358,101.33164,982,1533,64.0574,66.6,3.5,70.09999,692539500,12165,56928.85326,209500,214,978.97196,112.5948,214,0.52614,31.1645,214,0.14562,7.0624,214,0.033,4149238,214,19388.96261,6.90476,6722,126,53.3492,9045856036,49213749760,18.38074,798,6278,12.71105,544,6191,8.78694,731948257,7306,100184.54106,10.5,6722,1.56203
동명대학교,사립,부산,5499,6761,7484,7484,7484,47465531430,91196392521,52.04759,1522159100,91196392521,1.6691,1100000000,91196392521,1.20618,1100000000,3336837325,32.96534,1100000000,1423686592,77.26419,81149768856,47465531430,170.96568,109.38359,965,1543,62.5405,63.2,4,67.2,295342200,5310,55620.0,684920,229,2990.91703,154.6688,229,0.6754,28.1197,229,0.12279,17.737,229,0.07745,3209739,229,14016.32751,7.07814,7484,142,52.70422,7854560359,43782188410,17.94008,906,7227,12.53632,698,5697,12.25206,408184073,7367,55407.09556,8.9,7484,1.1892
동서대학교,사립,부산,7599,8582,8990,8990,8990,58021613273,1.20419E+11,48.18328,743018152,1.20419E+11,0.61702,580000000,1.20419E+11,0.48165,580000000,4134658050,14.02776,580000000,1707489028,33.968,1.09319E+11,58021613273,188.41068,101.92399,1226,1987,61.70105,75.2,4,79.2,459781000,8290,55462.12303,449345,320,1404.20312,159.3615,320,0.498,49.5947,320,0.15498,20.2403,320,0.06325,4718141,320,14744.19062,7.05114,8990,261,34.44444,8925511306,54126580929,16.49007,1927,8757,22.00525,860,8182,10.51087,505000000,9159,55137.02369,9,8990,1.00111
동신대학교,사립,전남,4804,5571,6863,6863,6863,42958652490,78855143174,54.47793,675873039,78855143174,0.8571,150000000,78855143174,0.19022,150000000,2609803410,5.74755,150000000,679463670,22.07623,84427617037,42958652490,196.53227,93.44179,861,1323,65.07936,61.6,1.8,63.4,382098720,6780,56356.74336,812400,226,3594.69026,105.3919,226,0.46633,25.3323,226,0.11208,24.3862,226,0.1079,16843010,226,74526.59292,12.82523,6863,136,50.46323,6367194014,34917973590,18.23471,1260,6428,19.60174,1089,4883,22.30186,430000000,6528,65870.09803,8.7,6863,1.26766
동아대학교,사립,부산,15906,17634,19715,19715,19715,1.41919E+11,2.63814E+11,53.79504,3565425865,2.63814E+11,1.35149,4270979000,2.63814E+11,1.61893,4170979000,9811035575,42.51313,4270979000,7150792945,59.72734,2.58126E+11,1.41919E+11,181.88263,106.96348,2440,4073,59.9067,65.1,4,69.09999,1356399500,24661,55001.80446,1015564,715,1420.36923,306.1748,715,0.42821,193.4736,715,0.27059,27.8539,715,0.03895,42357259,715,59240.92167,13.20869,19715,429,45.95571,19090185102,1.21949E+11,15.65423,2455,18484,13.28175,1941,17529,11.07307,2319198636,19596,118350.6142,25.3,19715,1.28328
동양대학교,사립,경북,3667,4241,4496,4496,4496,28372215145,52490814411,54.05177,180795350,52490814411,0.34443,160000000,52490814411,0.30481,160000000,1739075330,9.20029,160000000,243782870,65.63217,44545579377,28372215145,157.00423,106.025,506,768,65.88541,58.7,3.8,62.5,184032000,3453,53296.26411,135834,127,1069.55905,83.21,127,0.65519,23.9364,127,0.18847,3.6333,127,0.0286,2022530,127,15925.43307,7.71085,4496,158,28.45569,5086500546,26542874978,19.16333,1466,4383,33.44741,827,3935,21.01651,232635564,4291,54214.76672,5,4496,1.11209
동의대학교,사립,부산,12684,14302,15125,15125,15125,99775930158,1.68465E+11,59.22648,1404001592,1.68465E+11,0.8334,1000000000,1.68465E+11,0.59359,1000000000,5945779590,16.81865,1000000000,6934958732,14.41969,1.57481E+11,99775930158,157.83469,99.8743,1947,3185,61.13029,72.7,4,76.7,407660000,7480,54500.0,844700,550,1535.81818,313.941,550,0.5708,78.4797,550,0.14269,43.7289,550,0.0795,18073696,550,32861.26545,9.09591,15125,269,56.22676,18821362477,92246915658,20.40324,3004,14347,20.93817,2551,13625,18.72293,910931214,14899,61140.42647,15,15125,0.99173
루터대학교,사립,경기,295,300,338,338,338,2283308367,5876923438,38.8521,52683480,5876923438,0.89644,443924000,5876923438,7.55368,178854760,178854760,100.0,443924000,695765589,63.80367,5019133352,2283308367,219.81846,88.23529,49,70,70.0,83.3,4,87.3,28875000,525,55000.0,23800,15,1586.66666,15.7,15,1.04666,0,15,0,2.7,15,0.18,9650,15,643.33333,6.31214,338,21,16.09523,422101202,1984586500,21.26897,94,306,30.71895,26,306,8.49673,21595250,373,57896.1126,0,338,0
명지대학교,사립,경기,10297,13271,15924,15924,15924,1.30494E+11,2.03367E+11,64.16654,2081558785,2.03367E+11,1.02354,1577600000,2.03367E+11,0.77573,1577600000,7404186664,21.30686,1577600000,4848967604,32.53476,1.97848E+11,1.30494E+11,151.61517,128.40832,2021,2969,68.07005,66.8,4,70.8,110880000,1980,56000.0,613540,504,1217.34126,220.2594,504,0.43702,94.7984,504,0.18809,43.4359,504,0.08618,28479013,504,56505.97817,12.09744,15924,422,37.73459,16047417789,1.01223E+11,15.85352,3041,13779,22.06981,2579,11909,21.65589,2137210377,15689,136223.4927,18.1,15924,1.13664
목원대학교,사립,대전,6688,7390,8057,8057,8057,51603742240,96302951748,53.58479,945463132,96302951748,0.98175,553000000,96302951748,0.57422,543000000,2926950483,18.55173,553000000,774523687,71.39872,90019209191,51603742240,174.44318,102.213,852,1413,60.29723,68.2,4,72.2,1217910000,22410,54346.72021,777879,264,2946.51136,195.2358,264,0.73952,23.851,264,0.09034,22.5506,264,0.08541,1503451,264,5694.89015,5.91297,8057,136,59.24264,8858767834,46399052420,19.09256,1417,8017,17.67494,1142,7104,16.07545,537182048,7863,68317.69655,9,8057,1.11704
목포가톨릭대학교,사립,전남,434,463,463,463,463,3161994320,9481507698,33.34906,248800000,9481507698,2.62405,205917165,9481507698,2.17177,205917165,247286335,83.27074,205917165,240333374,85.6798,7588920193,3161994320,240.00423,96.45833,86,133,64.66165,87.5,1.2,88.7,54270000,1005,54000.0,25000,21,1190.47619,9.8667,21,0.46984,0.5909,21,0.02813,1.3,21,0.0619,0,21,0,2.93691,463,34,13.61764,592794318,3160754320,18.75483,203,463,43.84449,103,463,22.24622,47774558,482,99117.34024,1,463,2.15982
배재대학교,사립,대전,6708,7344,7853,7853,7853,52863930310,98696013629,53.56237,1753479187,98696013629,1.77664,1000000000,98696013629,1.01321,700000000,3750485052,18.66425,1000000000,3651999406,27.38226,97385345390,52863930310,184.21888,97.88084,873,1487,58.7088,65.4,4,69.4,433642500,7818,55467.19109,416100,254,1638.18897,155.0185,254,0.6103,13.1132,254,0.05162,18.4052,254,0.07246,1491280,254,5871.1811,4.57108,7853,203,38.68472,8551017601,47582293300,17.971,1801,7780,23.1491,1546,7277,21.24501,507898000,7995,63526.95434,9.4,7853,1.19699
백석대학교,사립,충남,10430,11574,14449,14449,14449,1.13054E+11,1.75498E+11,64.4187,1694722713,1.75498E+11,0.96566,730000000,1.75498E+11,0.41595,730000000,5119708340,14.25862,730000000,1357760138,53.76501,1.60206E+11,1.13054E+11,141.70821,100.99476,1701,2519,67.52679,66,0,0,595276000,10991,54160.31298,511105,464,1101.51939,205.32,464,0.4425,19.2437,464,0.04147,35.5346,464,0.07658,6577510,464,14175.6681,9.6285,14449,310,46.60967,12544904971,88572615280,14.16341,1857,13062,14.21681,1742,12071,14.43128,971265998,14163,68577.70232,17.6,14449,1.21807
부산가톨릭대학교,사립,부산,2706,3449,3758,3758,3758,24288152010,49767528297,48.80321,777046494,49767528297,1.56135,913000000,49767528297,1.83452,913000000,1257061870,72.62967,913000000,1804399135,50.59856,44514879366,24288152010,183.27816,121.61495,551,807,68.27757,66.1,4,70.09999,205755000,3651,56355.79293,184100,123,1496.74796,92.4328,123,0.75148,19.393,123,0.15766,8.8773,123,0.07217,1282178,123,10424.21138,7.54574,3758,149,25.22147,4309664484,22110440170,19.49153,518,3708,13.96979,453,3143,14.41298,268670040,3797,70758.50408,6.6,3758,1.75625
부산대학교,국립,부산,18091,19900,27422,27422,27422,1.08027E+11,4.82072E+11,22.40883,6310624645,4.82072E+11,1.30906,,,,,,,,,,6.94374E+11,1.08027E+11,642.7795,112.77982,2608,4021,64.85948,76.3,1.5,77.8,6203610000,62544,99187.93169,15500361,1442,10749.21012,795.7866,1442,0.55186,888.8106,1442,0.61637,64.921,1442,0.04502,191980402,1442,133134.81414,27.96806,27422,508,53.98031,18655800022,79299303950,23.5258,5114,25215,20.28157,4084,23982,17.02943,5652045210,26628,212259.4716,47.1,27422,1.71759
부산외국어대학교,사립,부산,5524,6471,7016,7016,7016,42416091223,84630311154,50.11926,658804860,84630311154,0.77845,1248000000,84630311154,1.47464,1248000000,2733907642,45.64894,1248000000,1399372554,89.18282,70158039049,42416091223,165.4043,106.60626,796,1371,58.05981,71,2.9,73.9,375024000,6936,54069.20415,376335,214,1758.57476,93,214,0.43457,1.1207,214,0.00523,1.1429,214,0.00534,2186016,214,10215.02803,6.43818,7016,199,35.25628,6945037756,36951340653,18.79509,1627,6820,23.8563,1079,5666,19.04341,387099741,7149,54147.39697,8,7016,1.14025
부산장신대학교,사립,부산,124,125,271,271,271,1832492650,3960608562,46.26795,819886858,3960608562,20.70103,130000000,3960608562,3.28232,130000000,188151890,69.09311,130000000,671350713,19.36394,3586216158,1832492650,195.70153,97.65625,19,33,57.57575,71.4,4,75.4,7290000,135,54000,28000,15,1866.66666,11,15,0.73333,0,15,0,7,15,0.46666,55750,15,3716.66666,11.73134,271,16,16.9375,162242978,677336800,23.95307,208,272,76.47058,51,269,18.9591,27009310,311,86846.65594,2,271,7.38007
삼육대학교,사립,서울,4648,5268,5921,5921,5921,46510213450,88019225430,52.84097,4922704876,88019225430,5.59276,1783338231,88019225430,2.02607,1766114440,3097089849,57.02496,1783338231,14629516484,12.19,81786206210,46510213450,175.84569,113.82886,816,1222,66.77577,64.8,4,68.8,690585000,12810,53909.83606,256000,190,1347.36842,133.9227,190,0.70485,71.7092,190,0.37741,9.954,190,0.05238,6379701,190,33577.37368,13.7931,5921,259,22.861,6750455082,38436077780,17.5628,1229,5835,21.06255,919,5447,16.87167,597096712,5922,100826.86795,6.4,5921,1.08089
상명대학교,사립,서울,10465,11784,12871,12871,12871,1.00562E+11,1.55506E+11,64.6673,1134935120,1.55506E+11,0.72983,900000000,1.55506E+11,0.57875,900000000,6378584472,14.10971,900000000,1210855599,74.3276,1.65158E+11,1.00562E+11,164.23564,109.6594,1564,2435,64.22997,69,1.8,70.8,553133703,10411.5,53127.18657,1246500,432,2885.41666,287.3652,432,0.66519,130.7964,432,0.30276,38.2568,432,0.08855,35888310,432,83074.79166,17.73938,12871,341,37.74486,15479660199,87564283917,17.67805,1705,12529,13.60842,1255,12103,10.36932,926679189,12679,73087.71898,15.6,12871,1.21202
상지대학교,사립,강원,5344,5722,6124,6124,6124,45868789708,76675317344,59.8221,1516694015,76675317344,1.97807,8371718924,76675317344,10.9184,2618790724,3087183110,84.82783,8371718924,13726777424,60.98823,76510696354,45868789708,166.80339,80.84204,898,1368,65.64327,66.6,0.6,67.19999,634482000,11598,54706.15623,250400,244,1026.2295,147.0368,244,0.6026,31.2584,244,0.1281,17.272,244,0.07078,5000119,244,20492.29098,7.51291,6124,193,31.73056,6873908038,42226313488,16.27873,1764,5896,29.91858,1236,5801,21.30667,419906753,6294,66715.40403,7,6124,1.14304
서강대학교,사립,서울,6566,8429,12655,12655,12655,1.20613E+11,1.81852E+11,66.32483,8395751436,1.81852E+11,4.61679,654517383,1.81852E+11,0.35991,500000000,7220880416,6.92436,654517383,3329843389,19.6561,2.3799E+11,1.20613E+11,197.31641,132.11598,1157,1476,78.38753,65.7,3.8,69.5,720876000,11998.4,60081.0108,5459527,410,13315.91951,214.0102,410,0.52197,140.0808,410,0.34166,22.8556,410,0.05574,69649414,410,169876.61951,26.24132,12655,327,38.7003,12863544272,62017492335,20.7418,1264,11217,11.26861,899,9585,9.37923,3246470488,12178,266584.86516,26,12655,2.05452
서경대학교,사립,서울,5067,6864,7594,7594,7594,54850747070,92805695051,59.10278,382395600,92805695051,0.41203,1032112000,92805695051,1.11212,1032112000,2887684200,35.74185,1032112000,1072175846,96.26331,84853937599,54850747070,154.69969,132.10161,960,1400,68.57142,70,4,74,499615500,9180,54424.3464,354643,250,1418.572,132.2319,250,0.52892,20.6444,250,0.08257,28.8652,250,0.11546,19442169,250,77768.676,12.86398,7594,211,35.99052,8849405401,48228020350,18.34909,814,6686,12.17469,402,5671,7.08869,399999748,7299,54801.99314,9.6,7594,1.26415
서울과학기술대학교,국립,서울,8849,10444,12319,12319,12319,55356072738,1.99783E+11,27.70815,2372660782,1.99783E+11,1.18762,,,,,,,,,,2.30725E+11,55356072738,416.80182,119.16932,1480,2165,68.36027,67.6,2.1,69.69999,2778165000,27675,100385.36585,5020492,430,11675.56279,155.671,430,0.36202,330.2382,430,0.76799,25.1444,430,0.05847,55589824,430,129278.66046,30.29673,12319,479,25.71816,11723699711,49759071080,23.56092,2581,11355,22.73007,1831,10551,17.3538,2480888400,11845,209446.04474,11,12319,0.89292
서울기독대학교,사립,서울,440,1279,1447,1447,1447,6185484117,8416929763,73.4886,980678559,8416929763,11.65126,56000000,8416929763,0.66532,56000000,290586340,19.27138,56000000,1832820645,3.05539,6461961567,6185484117,104.46977,238.17504,50,71,70.42253,55.2,4,59.2,149977650,2643,56745.23269,56000,37,1513.51351,15.65,37,0.42297,0.1429,37,0.00386,0.7111,37,0.01921,174500,37,4716.21621,3.88691,1447,21,68.90476,1206445818,4859147117,24.82834,89,1404,6.33903,14,494,2.834,72518834,818,88653.83129,2,1447,1.38217
서울대학교,국립대법인,서울,15524,17279,30323,30323,30323,1.9741E+11,1.26116E+12,15.65297,65361736123,1.26116E+12,5.18265,,,,,,,,,,1.81578E+12,1.9741E+11,919.80295,125.51939,2355,3070,76.71009,109.8,0.2,110.0,5376190500,60813,88405.2834,38478051,2369,16242.31785,654.039,2369,0.27608,1935.7675,2369,0.81712,168.3743,2369,0.07107,665268757,2369,280822.60742,46.39812,30323,3456,8.77401,30975625438,90239681400,34.32594,6713,29613,22.66909,5502,28477,19.32085,13556707791,29073,466298.89557,82.2,30323,2.71081
서울시립대학교,공립,서울,8036,8949,12008,12008,12008,35919318570,1.32781E+11,27.05163,1927731635,1.32781E+11,1.45181,,,,,,,,,,2.28469E+11,35919318570,636.06238,127.91595,1208,1762,68.55845,78.1,3.1,81.19999,1625840000,20473,79413.86215,6130156,458,13384.62008,242.8164,458,0.53016,199.8409,458,0.43633,36.6483,458,0.08001,56890429,458,124214.91048,23.99656,12008,685,17.52992,7475546066,18555022200,40.28853,1170,10498,11.14497,786,10000,7.86,3419974059,11746,291160.74059,20.8,12008,1.73217
서울신학대학교,사립,경기,1856,1967,2684,2684,2684,17522324550,36755846930,47.67221,2039530194,36755846930,5.54885,1217000000,36755846930,3.31103,1213000000,1292631290,93.83959,1217000000,1754461263,69.36602,31014911934,17522324550,177.00226,106.43939,263,361,72.85318,74.4,1.6,76.0,313884000,5850,53655.38461,101120,96,1053.33333,73.4305,96,0.7649,3.4109,96,0.03553,6.4361,96,0.06704,186693,96,1944.71875,4.27516,2684,85,31.57647,2199951727,12352959870,17.8091,380,2684,14.15797,207,2653,7.80248,142408111,2703,52685.20569,3.1,2684,1.15499
서울여자대학교,사립,서울,6551,7692,7995,7995,7995,53408318610,89431544148,59.71977,1398415204,89431544148,1.56367,340000000,89431544148,0.38017,250000000,3554146100,7.03403,340000000,576861233,58.93965,84603573225,53408318610,158.40898,117.20249,915,1391,65.78001,61.3,4,65.3,516648500,9475,54527.54617,502843,224,2244.83482,131.3347,224,0.58631,42.0808,224,0.18786,11.3251,224,0.05055,4676116,224,20875.51785,8.36259,7995,213,37.53521,8750366954,50726698610,17.25002,915,7920,11.55303,726,7211,10.06795,675166293,7461,90492.73462,8.8,7995,1.10068
서울장신대학교,사립,경기,281,331,623,623,623,3954301133,7899457592,50.05788,488652066,7899457592,6.18589,1551673000,7899457592,19.64277,446467640,446467640,100.0,1551673000,3346864969,46.36198,6640163657,3954301133,167.92255,87.56613,31,49,63.2653,72.9,4,76.9,2570900,47,54700,29900,27,1107.4074,17,27,0.62962,0,27,0,3.1666,27,0.11728,0,27,0,3.75363,623,25,24.92,515179325,1800609000,28.61139,217,412,52.6699,112,366,30.60109,71094861,562,126503.31138,2,623,3.21027
서울한영대학교,사립,서울,504,778,1022,1022,1022,6146771372,9210854955,66.73399,121224000,9210854955,1.31609,151300000,9210854955,1.64262,151300000,392954690,38.50316,151300000,259662539,58.26793,6896509253,6146771372,112.19726,108.05555,90,135,66.66666,60,4,64,7168500,135,53100,15000,27,555.55555,20.95,27,0.77592,2.2,27,0.08148,3.9833,27,0.14752,0,27,0,4.67575,1022,36,28.38888,462171122,3945224210,11.71469,108,855,12.63157,108,492,21.95121,50940840,915,55673.04918,2,1022,1.95694
서원대학교,사립,충북,6092,7648,7872,7872,7872,47919886404,85942137549,55.75831,601133935,85942137549,0.69946,430000000,85942137549,0.50033,430000000,2718918120,15.81511,430000000,895191151,48.03443,78364009981,47919886404,163.53129,117.87916,815,1319,61.78923,62.5,4,66.5,547235000,9953,54981.915,422967,224,1888.24553,276.7333,224,1.23541,28.4065,224,0.12681,22.314,224,0.09961,6997349,224,31238.16517,10.85014,7872,156,50.46153,9471268898,46421643671,20.4027,964,7579,12.71935,702,6603,10.63153,389999610,7146,54575.93198,10,7872,1.27032
선문대학교,사립,충남,7283,8435,9225,9225,9225,64817764350,1.20338E+11,53.86291,2026926945,1.20338E+11,1.68435,500000000,1.20338E+11,0.41549,500000000,3910525120,12.786,500000000,15731043589,3.17842,1.22389E+11,64817764350,188.82079,102.35408,1219,1750,69.65714,64.6,2,66.59999,996735000,17977.5,55443.471,495863,280,1770.93928,156.666,280,0.55952,47.4717,280,0.16954,18.3873,280,0.06566,6170979,280,22039.21071,8.28787,9225,234,39.42307,11964536278,59248345060,20.19387,2704,8814,30.67846,1850,7184,25.75167,710998707,9133,77849.41497,11.3,9225,1.22493
성결대학교,사립,경기,4899,5241,5637,5637,5637,37754593759,64739963994,58.31729,444720035,64739963994,0.68693,132405000,64739963994,0.20451,40000000,2180668784,1.83429,132405000,302072408,43.8322,56732742801,37754593759,150.26712,106.69788,682,1046,65.20076,66,4,70,491022000,9525,51550.86614,128345,167,768.53293,154.2083,167,0.9234,8,167,0.0479,4.35,167,0.02604,996893,167,5969.41916,6.05713,5637,127,44.38582,5835523394,33994187579,17.16623,593,5359,11.06549,111,5264,2.10866,344185638,5626,61177.68183,6.5,5637,1.15309
성공회대학교,사립,서울,1899,2234,2497,2497,2497,16987074370,26709171421,63.60015,1145470150,26709171421,4.28867,33003000,26709171421,0.12356,33003000,1298975220,2.54069,33003000,297073674,11.10936,24369704196,16987074370,143.46027,111.25498,237,407,58.23095,69.5,4,73.5,293760000,4800,61200.0,71600,80,895,29.4607,80,0.36825,8.5417,80,0.10677,9.3762,80,0.1172,853994,80,10674.92499,8.343,2497,82,30.45121,2410807409,14437868080,16.6978,444,2293,19.36327,260,2008,12.9482,204751269,2275,90000.5578,3,2497,1.20144
성균관대학교,사립,서울,14281,19613,28765,28765,28765,2.94418E+11,5.46693E+11,53.85432,22671022761,5.46693E+11,4.14693,20437000000,5.46693E+11,3.73829,14437000000,14429051320,100.05508,20437000000,24288620910,84.14228,8.75567E+11,2.94418E+11,297.38921,142.185,2814,3647,77.1593,73.1,4,77.09999,1031046300,14942.7,69000.0,35370039,1543,22922.90278,384.2797,1543,0.24904,1679.3039,1543,1.08833,49.1512,1543,0.03185,521195435,1543,337780.58003,56.78726,28765,535,53.76635,33316838556,1.52935E+11,21.78497,5218,26134,19.96632,4153,22378,18.5584,6183617152,28035,220567.76001,37.8,28765,1.31409
성신여자대학교,사립,서울,8310,9404,10215,10215,10215,81187655514,1.27563E+11,63.64497,618338364,1.27563E+11,0.48473,1353750000,1.27563E+11,1.06123,1340000000,4583499460,29.2353,1353750000,3314065166,40.84862,1.18586E+11,81187655514,146.06446,110.02691,1195,1855,64.42048,66.3,4,70.3,1395485400,25634.1,54438.63447,1299000,324,4009.25925,174.0891,324,0.53731,74.8039,324,0.23087,19.0274,324,0.05872,8184073,324,25259.48456,9.65742,10215,348,29.35344,13846628010,71389106845,19.39599,993,9761,10.17313,626,9434,6.63557,934017489,10077,92688.0509,11.8,10215,1.15516
세명대학교,사립,충북,5134,5515,5965,5965,5965,42016742210,81602336409,51.48963,865768880,81602336409,1.06096,1320000000,81602336409,1.6176,1320000000,3310118330,39.87772,1320000000,1587406620,83.15449,82468830469,42016742210,196.27611,84.50812,1087,1619,67.14021,67.7,4,71.7,646417500,11940,54138.81909,289500,231,1253.24675,121.587,231,0.52635,34.6387,231,0.14995,6.3945,231,0.02768,3336191,231,14442.38528,6.40848,5965,204,29.24019,7572467079,38609322180,19.61305,3320,5766,57.57891,2407,5562,43.2758,419647960,6464,64920.78589,8.2,5965,1.37468
세종대학교,사립,서울,10000,13171,17378,17378,17378,1.49667E+11,2.24582E+11,66.64247,1683940845,2.24582E+11,0.74981,900000000,2.24582E+11,0.40074,900000000,7442403295,12.09286,900000000,2370887612,37.96046,2.7112E+11,1.49667E+11,181.14911,133.43126,1683,2499,67.34693,68,3.5,71.5,975024000,18056,54000.0,5042303,590,8546.27627,150.2222,590,0.25461,529.1571,590,0.89687,15.3998,590,0.0261,83401522,590,141358.51186,33.23587,17378,421,41.2779,17442253645,97618059747,17.86785,1751,15333,11.41981,722,11693,6.17463,2436492685,16205,150354.37735,21.5,17378,1.23719
세한대학교,사립,전남,2663,3139,3655,3655,3655,24555610307,52117143850,47.11618,540617385,52117143850,1.03731,240000000,52117143850,0.4605,240000000,1172260760,20.47326,240000000,363242943,66.07148,35564920125,24555610307,144.83419,96.05263,458,656,69.81707,64.5,4,68.5,10755000,195,55153.84615,152000,111,1369.36936,82.6304,111,0.74441,7.8857,111,0.07104,9.554,111,0.08607,300810,111,2710,5.25329,3655,99,36.91919,4812531378,22334769307,21.54726,1349,3655,36.90834,548,3066,17.87345,258509770,4096,63112.73681,5.3,3655,1.45006
송원대학교,사립,광주,2291,2569,2736,2736,2736,17490050786,34644388986,50.48451,217587500,34644388986,0.62805,1199418750,34644388986,3.46208,850000000,1026320350,82.82014,1199418750,1322242924,90.71092,38874312816,17490050786,222.26529,96.21722,403,571,70.57793,69.1,3.3,72.39999,263700000,4395,60000.0,104940,92,1140.65217,96.8044,92,1.05222,5.5353,92,0.06016,11.9333,92,0.1297,241882,92,2629.15217,6.63441,2736,84,32.57142,3912350903,16643500786,23.50677,430,2581,16.6602,378,2282,16.56441,165494042,2990,55349.17792,3.8,2736,1.38888
수원가톨릭대학교,사립,경기,95,96,145,145,145,782015670,9197834239,8.50217,2353701793,9197834239,25.58973,3703571970,9197834239,40.26569,338746000,332643560,101.83452,3703571970,4404306140,84.08979,6648255345,782015670,850.14349,26.66666,4,4,100,42.8,0,0,37125000,675,55000.0,26496,9,2944,2,9,0.22222,0,9,0,1.8429,9,0.20476,8000,9,888.88888,4.49214,145,53,2.73584,651858200,542612500,120.13328,249,145,171.72413,116,139,83.45323,102080271,154,662858.90259,2.5,145,17.24137
수원대학교,사립,경기,7842,8368,9098,9098,9098,65575642477,1.03622E+11,63.28336,414489825,1.03622E+11,0.4,105000000,1.03622E+11,0.10132,100000000,3784948060,2.64204,105000000,6925301952,1.51617,1.10365E+11,65575642477,168.30149,98.21596,1251,1862,67.18582,63.1,4,67.09999,159300000,2700,59000.0,320000,310,1032.25806,62.9336,310,0.20301,34.8283,310,0.11234,7.5167,310,0.02424,4502444,310,14524.0129,4.68354,9098,156,58.32051,12577330668,58983417777,21.3235,1054,8617,12.23163,852,8567,9.94513,540710724,8933,60529.57841,13.5,9098,1.48384
숙명여자대학교,사립,서울,8536,10134,12519,12519,12519,1.06336E+11,1.7269E+11,61.57634,4078430065,1.7269E+11,2.3617,250000000,1.7269E+11,0.14476,250000000,6987485284,3.57782,250000000,463589571,53.92701,1.95027E+11,1.06336E+11,183.40578,117.02078,1464,2201,66.51522,71.5,4,75.5,1239982020,23294.2,53231.36317,1841602,419,4395.2315,245.18,419,0.58515,123.3312,419,0.29434,33.3136,419,0.0795,32196345,419,76840.91885,16.56801,12519,365,34.29863,15891805686,78930864300,20.13382,1279,10625,12.03764,773,10279,7.52018,2427345306,12611,192478.41614,14,12519,1.1183
순천향대학교,사립,충남,9629,11080,12250,12250,12250,91880360220,2.18251E+11,42.09857,1829712412,2.18251E+11,0.83835,15046006322,2.18251E+11,6.89391,13236006322,12540966519,105.54215,15046006322,2.02049E+11,7.44672,2.63001E+11,91880360220,286.24332,112.99204,1503,2297,65.43317,72.3,2.4,74.7,1177087500,20704.5,56851.77135,2215509,942,2351.92038,191.0143,942,0.20277,379.401,942,0.40276,17.7623,942,0.01885,54045790,942,57373.4501,14.68619,12250,407,30.09828,15513275900,79975422690,19.39755,4419,11406,38.74276,3569,10655,33.49601,1650096992,12310,134045.24711,15.8,12250,1.28979
숭실대학교,사립,서울,11045,14738,17776,17776,17776,1.44042E+11,2.17963E+11,66.08549,3725704169,2.17963E+11,1.70933,669200000,2.17963E+11,0.30702,600000000,6873001870,8.7298,669200000,1530140357,43.73455,2.30237E+11,1.44042E+11,159.84055,136.77958,1962,2760,71.08695,63.5,4,67.5,1478289000,26560.5,55657.42361,4966521,528,9406.28977,393.6837,528,0.74561,232.3328,528,0.44002,26.273,528,0.04975,36148460,528,68462.99242,18.60643,17776,355,50.07323,18681627988,1.0848E+11,17.22131,1736,15029,11.551,1121,12558,8.92658,1096963852,17480,62755.3691,20.6,17776,1.15886
신경주대학교,사립,경북,1101,1179,1307,1307,1307,8460928340,13942104764,60.68616,98444680,13942104764,0.70609,0,13942104764,0.0,0,560068736,0.0,0,-53868127,-0.0,14548752335,8460928340,171.95219,39.47104,93,143,65.03496,25.4,2.2,27.6,14337000,270,53100.0,0,47,0,6.5,47,0.13829,0.1429,47,0.00304,4.4096,47,0.09382,374515,47,7968.40425,2.81647,1307,35,37.34285,0,0,0,274,1471,18.62678,20,1349,1.48257,49000000,905,54143.6464,2.3,1307,1.75975
신라대학교,사립,부산,6016,6877,7763,7763,7763,45202695770,85011984799,53.17214,881747063,85011984799,1.0372,240000000,85011984799,0.28231,240000000,3088643700,7.7704,240000000,465732606,51.53171,77318705431,45202695770,171.04888,100.17479,969,1620,59.81481,75.5,4,79.5,264792600,4932,53688.68613,296332,272,1089.45588,152.9548,272,0.56233,27.7679,272,0.10208,20.4941,272,0.07534,3022921,272,11113.68014,6.01555,7763,282,27.52836,6525264578,38746518820,16.8409,884,7323,12.07155,511,6318,8.088,411749999,7625,53999.99986,10,7763,1.28816
신한대학교,사립,경기,5372,6479,7629,7629,7629,62069565592,92843685375,66.85383,585996889,92843685375,0.63116,200000,92843685375,2.1E-4,0,2811718350,0.0,200000,1299536665,0.01539,75945743439,62069565592,122.35584,115.28469,897,1334,67.24137,57.1,4,61.1,263629000,4666,56500.0,321010,217,1479.30875,152.3275,217,0.70197,13.0586,217,0.06017,7.2611,217,0.03346,4647944,217,21419.09677,5.90878,7629,261,29.22988,8563511553,53483864761,16.01139,972,6494,14.96766,340,4869,6.98295,428681385,6925,61903.44909,8.1,7629,1.06173
아신대학교,사립,경기,227,236,772,772,772,4991023000,9726465622,51.31383,2607979044,9726465622,26.81322,371234261,9726465622,3.81674,370000000,435813640,84.89867,371234261,617531100,60.11588,9079932687,4991023000,181.92528,56.19047,40,40,100,58,0.4,58.4,4264000,82,52000,45450,36,1262.5,14.25,36,0.39583,3.5,36,0.09722,6.85,36,0.19027,15750,36,437.5,4.52099,772,25,30.88,380728010,1658300000,22.95893,212,447,47.42729,55,392,14.03061,80054241,826,96917.96731,1,772,1.29533
아주대학교,사립,경기,8050,10194,14574,14574,14574,1.28896E+11,2.80625E+11,45.93171,4317747055,2.80625E+11,1.53861,11969923000,2.80625E+11,4.26544,10389347800,12651755549,82.11783,11969923000,1.52588E+11,7.84458,3.87478E+11,1.28896E+11,300.61244,128.25868,1598,2154,74.18755,70.9,4,74.9,697155200,10648,65472.87753,10707217,747,14333.62382,191.0532,747,0.25576,459.8874,747,0.61564,37.3373,747,0.04998,118613046,747,158785.87148,29.75529,14574,527,27.65464,13310501469,75730516000,17.57613,3279,11547,28.39698,2347,10076,23.29297,4049927942,13855,292308.04345,21.4,14574,1.46836
안양대학교,사립,경기,4351,4653,5189,5189,5189,37446477350,60514787091,61.87987,629478600,60514787091,1.0402,1100000000,60514787091,1.81773,1100000000,2218729680,49.57791,1100000000,1574480374,69.86431,56965824678,37446477350,152.12599,102.62461,638,992,64.31451,62.7,4,66.7,256765600,4585.1,55999.99999,314270,165,1904.66666,122.3235,165,0.74135,24.7624,165,0.15007,12.3944,165,0.07511,8347859,165,50593.08484,11.43092,5189,122,42.53278,5307781678,32435456050,16.36413,558,4826,11.56237,153,4641,3.2967,309000000,5135,60175.26777,7.1,5189,1.36827
연세대학교,사립,서울,15652,21005,33623,33623,33623,3.50457E+11,8.98725E+11,38.99486,66823020273,8.98725E+11,7.43531,54891740355,8.98725E+11,6.10773,31260690002,30184310681,103.56602,54891740355,2.29989E+11,23.86709,1.2703E+12,3.50457E+11,362.46977,146.31512,2889,3843,75.17564,76,2.4,78.4,3092107800,46664,66263.23932,30215659,1820,16602.01043,469.4439,1820,0.25793,1591.5591,1820,0.87448,102.9888,1820,0.05658,493161222,1820,270967.70439,46.26651,33623,1239,27.1372,40072435324,1.76013E+11,22.7667,10044,28672,35.03069,7034,25242,27.86625,10832708842,32532,332986.25482,59.15,33623,1.75921
연세대학교(미래),사립,강원,5687,6931,8095,8095,8095,66311630106,1.60788E+11,41.24178,2389436046,1.60788E+11,1.48608,6244139960,1.60788E+11,3.88347,6229150960,6229150960,100.0,6244139960,2.29989E+11,2.71497,1.96728E+11,66311630106,296.67151,122.69428,1054,1550,68.0,73.5,4,77.5,1039374600,16981,61208.09139,897124,410,2188.10731,144.4811,410,0.35239,180.934,410,0.4413,8.3999,410,0.02048,31072878,410,75787.50731,17.75309,8095,289,28.01038,9158908531,50925739600,17.98483,4243,7449,56.96066,3322,6524,50.91968,1876812079,7719,243141.86798,17.3,8095,2.13712
영남대학교,사립,경북,18392,20623,23194,23194,23194,1.68882E+11,3.32696E+11,50.76169,4716864317,3.32696E+11,1.41776,5676625948,3.32696E+11,1.70624,5676625948,11433518691,49.64898,5676625948,10392369061,54.62302,3.35963E+11,1.68882E+11,198.93316,110.81676,2438,4460,54.66367,68,4,72,807332275,9448.2,85448.26263,6803940,896,7593.68303,289.2093,896,0.32277,938.0952,896,1.04698,38.441,896,0.0429,61465666,896,68600.07366,29.4369,23194,603,38.46434,25100451882,1.4374E+11,17.46238,3068,21934,13.98741,2242,20348,11.01828,2982925761,22477,132710.13751,31.3,23194,1.34948
영남신학대학교,사립,경북,367,371,675,675,675,3814240201,10146035674,37.5934,4245791792,10146035674,41.8468,176000000,10146035674,1.73466,176000000,340169430,51.73892,176000000,258010626,68.21424,5724781434,3814240201,150.08969,80.65217,42,53,79.24528,64.8,0,0,174000,3,58000,59000,24,2458.33333,9.75,24,0.40625,0,24,0,8.0999,24,0.33749,0,24,0,6.78564,675,15,45,352935328,1884630200,18.72703,362,675,53.62962,75,639,11.73708,35502692,619,57354.91437,1,675,1.48148
영산대학교,사립,경남,4763,5696,5696,5696,5696,35157630790,69733291408,50.41728,281674000,69733291408,0.40393,1410000000,69733291408,2.02198,,,,1410000000,,,60378355672,35157630790,171.73613,106.22901,855,1283,66.64068,65.3,0,0,742005000,13491,55000.0,209000,189,1105.8201,109.0657,189,0.57706,17.7492,189,0.09391,3.75,189,0.01984,862255,189,4562.19576,4.31389,5696,148,38.48648,7005752732,32538309080,21.53078,1335,5809,22.98158,0,5809,0,319044881,5560,57382.17284,6,5696,1.05337
영산선학대학교,사립,전남,21,23,23,23,23,39000000,1438229828,2.71166,304275000,1438229828,21.15621,1086849850,1438229828,75.56857,36849850,36849850,100.0,1086849850,4186987448,25.9578,1190425968,39000000,3052.37427,11.5,13,13,100,137.5,0,0,0,0,0,20000,11,1818.18181,0,11,0,0,11,0,0,11,0,0,11,0,0.0,23,6,3.83333,67008000,39000000,171.81538,118,23,513.04347,21,21,100,3008500,18,167138.88888,1,23,43.47826
예수대학교,사립,전북,446,480,490,490,490,3251501000,8015725374,40.56402,119518789,8015725374,1.49105,170800000,8015725374,2.13081,170800000,259223050,65.8892,170800000,329663405,51.81042,5328198070,3251501000,163.86887,104.34782,89,122,72.95081,76.9,1.1,78.0,28875000,525,55000.0,21330,20,1066.5,7.8538,20,0.39269,2.3667,20,0.11833,10.7833,20,0.53916,11700,20,585,12.53325,490,22,22.27272,420513043,3170648000,13.26268,59,490,12.04081,51,490,10.40816,36210050,474,76392.51054,1,490,2.04081
예원예술대학교,사립,전북,811,1236,1609,1609,1609,10873351054,13823728862,78.65714,440239300,13823728862,3.18466,250000000,13823728862,1.80848,250000000,206108370,121.29541,250000000,1417738621,17.63371,8983833387,10873351054,82.62248,127.68595,107,174,61.49425,70.5,1.7,72.2,71056800,1260,56394.28571,84000,60,1400,13.2,60,0.22,0,60,0,11.0333,60,0.18388,0,60,0,3.69337,1609,33,48.75757,1554339136,9075688182,17.1264,140,1236,11.32686,136,626,21.72523,224560600,1627,138021.26613,4.3,1609,2.67246
용인대학교,사립,경기,4954,5326,5962,5962,5962,45554818000,71973637811,63.29375,645184000,71973637811,0.89641,290000000,71973637811,0.40292,290000000,2717079540,10.67322,290000000,925814626,31.32376,60697482817,45554818000,133.24053,105.50713,932,1316,70.82066,65.4,0.9,66.3,95818950,1748,54816.33295,130000,195,666.66666,143.1285,195,0.73399,20.7879,195,0.1066,10.5444,195,0.05407,2480238,195,12719.16923,9.35793,5962,130,45.86153,5869814302,39555213000,14.83954,645,5537,11.6489,542,5482,9.8869,322178466,5902,54588.01524,6.9,5962,1.15732
우석대학교,사립,전북,5260,6629,7592,7592,7592,49584136837,88442868801,56.06346,543145400,88442868801,0.61412,450000000,88442868801,0.5088,450000000,3505281970,12.83776,450000000,734859025,61.23623,94637150674,49584136837,190.86174,105.28907,866,1314,65.90563,65.8,4,69.8,324810000,5955,54544.0806,1611058,248,6496.20161,121.688,248,0.49067,28.9501,248,0.11673,12.5,248,0.0504,11939499,248,48143.14112,9.39098,7592,281,27.01779,6938269849,42732478990,16.23652,1867,7245,25.76949,1287,5905,21.79508,399876827,7358,54345.85852,8.6,7592,1.13277
우송대학교,사립,대전,7459,9680,10365,10365,10365,78679388452,1.38672E+11,56.73794,1834765539,1.38672E+11,1.3231,1630798000,1.38672E+11,1.17601,1630798000,3240455910,50.32619,1630798000,5287427207,30.84293,1.16423E+11,78679388452,147.97107,120.92442,1163,1714,67.85297,68.7,4,72.7,786651000,13827,56892.38446,523275,334,1566.69161,46.6049,334,0.13953,69.6525,334,0.20854,23.1831,334,0.06941,4613702,334,13813.47904,7.10767,10365,177,58.55932,14351126987,69371085102,20.68747,1811,10148,17.84588,968,7538,12.8416,779026434,10473,74384.26754,14.3,10365,1.37964
울산대학교,사립,울산,9915,10606,12240,12240,12240,90987056911,2.85992E+11,31.81453,28095820140,2.85992E+11,9.82398,5366701162,2.85992E+11,1.87652,4717146830,11932929236,39.5305,5366701162,14992835406,35.7951,3.18922E+11,90987056911,350.51335,99.27922,1536,2574,59.67365,70.8,4,74.8,2900803500,49571,58518.15577,1627923,1095,1486.68767,162.706,1095,0.14858,615.4115,1095,0.56201,25.4472,1095,0.02323,141307063,1095,129047.54611,24.95701,12240,361,33.90581,11405140782,73432584306,15.53144,2609,11498,22.6909,2448,11242,21.77548,1362901969,12283,110958.39526,9,12240,0.73529
원광대학교,사립,전북,11583,12360,13669,13669,13669,98967227761,1.89503E+11,52.22474,2723871888,1.89503E+11,1.43738,3424500000,1.89503E+11,1.80709,3344000000,7584891751,44.08764,3424500000,18158385768,18.85905,2.10131E+11,98967227761,212.32426,98.09523,1862,3046,61.12934,72.8,4,76.8,1070601700,19384.9,55228.64188,2139291,622,3439.37459,310.2226,622,0.49875,119.6989,622,0.19244,42.6772,622,0.06861,35079825,622,56398.43247,12.05723,13669,387,35.32041,14886680519,87150459308,17.08158,3627,13461,26.9445,3289,13127,25.05522,1636621484,13622,120145.46204,14.5,13669,1.06079
위덕대학교,사립,경북,2061,2116,2342,2342,2342,15197636031,27507896882,55.24826,1333106387,27507896882,4.84626,1110000000,27507896882,4.0352,1110000000,1112878940,99.7413,1110000000,1686693186,65.80924,30206413656,15197636031,198.75731,85.73743,323,479,67.43215,65.3,4,69.3,45214650,851.5,53100.0,90527,85,1065.02352,33.3742,85,0.39263,4.9333,85,0.05803,8.9928,85,0.10579,948428,85,11157.97647,5.16169,2342,81,28.91358,3048489964,13724816031,22.21151,539,2186,24.6569,539,2117,25.46055,134248680,2486,54001.88254,3.8,2342,1.62254
유원대학교,사립,충북,3719,4032,4101,4101,4101,23485965810,37939952498,61.90299,206896140,37939952498,0.54532,328339000,37939952498,0.86541,323339000,791727840,40.83966,328339000,572234663,57.37838,32932065605,23485965810,140.22018,115.19999,497,702,70.79772,59.6,3.2,62.8,118800000,1980,60000.0,124050,111,1117.56756,29.227,111,0.2633,1.75,111,0.01576,18.0166,111,0.16231,3317705,111,29889.23423,6.76173,4101,60,68.34999,7346476195,23038947900,31.8872,1015,3404,29.81786,467,3361,13.89467,181306759,3551,51057.94395,2.3,4101,0.56083
을지대학교,사립,대전,4331,4717,5043,5043,5043,38634314794,87580932055,44.1127,9013392600,87580932055,10.2915,4400000000,87580932055,5.02392,4400000000,4388118050,100.27077,4400000000,41162582479,10.68931,94404137317,38634314794,244.35307,109.54482,971,1294,75.03863,60.6,4,64.59999,471112000,8774,53694.09619,483984,420,1152.34285,101.6578,420,0.24204,116.8944,420,0.27832,5.9145,420,0.01408,10423112,420,24816.93333,8.97434,5043,138,36.54347,7061050055,35506201794,19.8868,830,4955,16.75075,708,4912,14.41368,992812359,4867,203988.5677,7.5,5043,1.4872
이화여자대학교,사립,서울,13519,16452,22815,22815,22815,2.12725E+11,3.89497E+11,54.61529,18605257837,3.89497E+11,4.77674,9222824000,3.89497E+11,2.36788,9147100000,14841771663,61.63078,9222824000,15082067479,61.15092,4.79156E+11,2.12725E+11,225.24672,127.23897,2191,3060,71.6013,70.5,4,74.5,2391404610,41100.6,58184.1776,16528382,961,17199.1488,557.7476,961,0.58038,450.0389,961,0.4683,65.3686,961,0.06802,126709205,961,131851.40998,25.34312,22815,671,34.00149,29380943257,1.24686E+11,23.56398,4370,20730,21.08055,3325,18314,18.1555,5333700525,22123,241093.00388,42.8,22815,1.87595
인제대학교,사립,경남,6130,6844,7939,7939,7939,54681259863,1.2637E+11,43.27091,3814681477,1.2637E+11,3.01867,15882324613,1.2637E+11,12.56815,11542362820,11542362820,100.0,15882324613,22982606080,69.10584,1.60588E+11,54681259863,293.6793,98.27685,1167,1918,60.84462,66.8,4,70.8,505212000,9332,54137.59108,1854500,838,2213.00715,165.3646,838,0.19733,270.208,838,0.32244,18.0944,838,0.02159,39630974,838,47292.33174,12.10179,7939,375,21.17066,8405934271,44972668363,18.6912,1921,7448,25.79215,1555,7048,22.06299,1461934834,7819,186972.09796,10.8,7939,1.36037
인천가톨릭대학교,사립,인천,650,697,779,779,779,6002919468,14978254974,40.07756,795121810,14978254974,5.3085,3979287700,14978254974,26.56709,551737900,582124110,94.78011,3979287700,12809226108,31.06579,13615169973,6002919468,226.80913,105.44629,86,143,60.13986,95.9,4,99.9,205086000,3789,54126.6825,33000,47,702.12765,16.7144,47,0.35562,1.8112,47,0.03853,3.7,47,0.07872,213285,47,4537.97872,4.59711,779,77,10.11688,1028490647,5496854551,18.71053,192,779,24.64698,50,770,6.4935,173153835,737,234944.14518,3,779,3.85109
인천대학교,국립대법인,인천,10155,11247,12653,12653,12653,60485061334,2.67781E+11,22.58753,23155957260,2.67781E+11,8.64735,,,,,,,,,,2.57166E+11,60485061334,425.17266,112.29033,1716,2556,67.13615,82.1,4,86.1,1477170000,21645,68245.32224,6567397,497,13214.07847,308.8562,497,0.62144,269.0427,497,0.54133,22.5791,497,0.04543,36943243,497,74332.48088,20.79264,12653,515,24.56893,10937514863,50030501431,21.86169,2676,12047,22.21299,2363,11693,20.20867,2281645311,12800,178253.53992,12.6,12653,0.99581
인하대학교,사립,인천,14728,17830,21376,21376,21376,1.73504E+11,2.74604E+11,63.18312,7533498281,2.74604E+11,2.7434,8666113750,2.74604E+11,3.15585,8173331750,12680869160,64.45403,8666113750,22599177713,38.34703,4.16308E+11,1.73504E+11,239.94188,125.31627,2594,3526,73.56778,68.9,4,72.9,1216027500,22486.7,54077.63255,6251541,886,7055.91534,337.2685,886,0.38066,510.6785,886,0.57638,43.8044,886,0.04944,141855338,886,160107.60496,29.45011,21376,548,39.00729,21984914630,1.26424E+11,17.38977,2406,19415,12.39248,2074,17929,11.56785,4205405124,20720,202963.56776,23.5,21376,1.09936
장로회신학대학교,사립,서울,535,572,2068,2068,2068,16474320050,30171832916,54.60165,6035740272,30171832916,20.00455,847468000,30171832916,2.8088,776000000,1141159090,68.00103,847468000,1061588730,79.83016,23766614687,16474320050,144.26461,95.33333,55,55,100,66.1,4,70.09999,265104200,4657.4,56921.07184,234495,78,3006.34615,76.25,78,0.97756,6,78,0.07692,19.2262,78,0.24648,264382,78,3389.51282,8.59595,2068,52,39.76923,702370957,3867703130,18.15989,642,1970,32.58883,555,1930,28.75647,167207083,2076,80542.91088,4.8,2068,2.32108
전남대학교,국립,광주,17518,19199,23979,23979,23979,92416322890,4.41025E+11,20.95487,7057160523,4.41025E+11,1.60017,,,,,,,,,,5.9331E+11,92416322890,641.99691,108.39543,2489,3980,62.53768,83.3,1.5,84.8,4102876425,43487.7,94345.67532,28780993,1327,21688.76639,682.1903,1327,0.51408,719.0389,1327,0.54185,71.4648,1327,0.05385,182266186,1327,137352.06179,26.93865,23979,640,37.46718,17710005834,71458156100,24.78374,5593,22847,24.48023,4110,21667,18.96893,4483839741,23476,190996.75161,39.4,23979,1.6431
전북대학교,국립,전북,15955,17841,21760,21760,21760,81364553080,3.8375E+11,21.20246,5242765943,3.8375E+11,1.36619,,,,,,,,,,4.9859E+11,81364553080,612.78549,110.25894,2439,3828,63.71473,77.5,0.6,78.09999,4435728030,45784.7,96882.3216,19870672,1048,18960.56488,505.4669,1048,0.48231,638.9212,1048,0.60965,53.2902,1048,0.05084,160594105,1048,153238.6498,29.74255,21760,744,29.24731,14125724383,70055807930,20.16353,5056,20520,24.63937,4291,19093,22.4742,4314872769,21210,203435.77411,30.8,21760,1.41544
전주대학교,사립,전북,9348,10147,10969,10969,10969,68231208690,1.3293E+11,51.32848,1124732378,1.3293E+11,0.8461,200000000,1.3293E+11,0.15045,140000000,4601330734,3.04259,200000000,441387390,45.31167,1.32788E+11,68231208690,194.61431,100.03943,1249,2040,61.22549,62.1,4,66.09999,706475000,12845,55000.0,966540,328,2946.76829,222.8665,328,0.67947,64.2214,328,0.19579,26.8277,328,0.08179,16183440,328,49339.75609,12.15445,10969,343,31.97959,11059038609,62275786541,17.75816,1859,10290,18.06608,1363,10006,13.62182,763272430,11036,69162.05418,13,10969,1.18515
제주국제대학교,사립,제주,103,263,451,451,451,2935176000,3497335303,83.92606,35924800,3497335303,1.0272,0,3497335303,0.0,0,748321070,0.0,0,8220990854,0.0,7986812691,2935176000,272.10677,17.77027,107,147,72.78911,35.8,1.9,37.69999,0,0,0,0,33,0,4.85,33,0.14696,0.45,33,0.01363,0.1,33,0.00303,38692,33,1172.48484,0.86039,451,26,17.34615,708494524,1758216000,40.29621,120,263,45.62737,0,-24,-0.0,0,548,0,0,451,0
제주대학교,국립,제주,8452,9306,11066,11066,11066,38242543840,2.27862E+11,16.78321,1986843048,2.27862E+11,0.87195,,,,,,,,,,2.8328E+11,38242543840,740.74563,104.46789,1182,1884,62.73885,91.4,1.1,92.5,2791907150,29055,96090.41989,9810514,648,15139.68209,380.0001,648,0.58641,300.3844,648,0.46355,61.0539,648,0.09421,60082801,648,92720.37191,21.78896,11066,532,20.80075,6714263187,33993749990,19.75146,2862,10328,27.71107,2491,9936,25.07045,2175408318,11169,194771.98656,17.4,11066,1.57238
조선대학교,사립,광주,16493,17911,19277,19277,19277,1.38247E+11,2.45586E+11,56.29257,3200162678,2.45586E+11,1.30307,4642586000,2.45586E+11,1.89041,4642586000,9928050043,46.76231,4642586000,6189796468,75.00385,2.699E+11,1.38247E+11,195.23077,100.19018,2366,4029,58.72424,66.1,1.8,67.89999,173589843,2220.2,78186.57913,3452205,741,4658.84615,479.1467,741,0.64662,263.676,741,0.35583,29.1273,741,0.0393,64038558,741,86421.80566,18.26156,19277,433,44.51963,18767390260,1.25499E+11,14.95418,2355,18712,12.5855,2108,18383,11.46711,1818205304,18766,96888.27155,21,19277,1.08938
중부대학교,사립,충남,5930,6991,9568,9568,9568,63684329360,98685923941,64.53233,780720202,98685923941,0.79111,53000000,98685923941,0.0537,50000000,2870520276,1.74184,53000000,-2745233894,-1.93062,81759628025,63684329360,128.38264,99.37455,992,1518,65.34914,81.5,4,85.5,69087000,1290,53555.81395,357600,350,1021.71428,192.0006,350,0.54857,29.0753,350,0.08307,13.1706,350,0.03763,6043926,350,17268.36,5.5828,9568,191,50.09424,9534167805,49443341360,19.28301,1702,8040,21.16915,1171,5948,19.68728,529999986,9145,57955.16522,11,9568,1.14966
중앙대학교,사립,서울,18173,23600,29420,29420,29420,2.63902E+11,4.0216E+11,65.62103,7333797837,4.0216E+11,1.8236,8490131304,4.0216E+11,2.11113,8440943804,14247623593,59.24457,8490131304,12788287271,66.3899,5.10209E+11,2.63902E+11,193.33287,131.96152,3263,4606,70.84237,67.4,4,71.4,3579373716,61092.9,58589.02942,17587575,1198,14680.78046,591.1971,1198,0.49348,884.895,1198,0.73864,39.747,1198,0.03317,169099069,1198,141151.14273,30.85091,29420,710,41.43661,36483816169,1.79208E+11,20.35834,4721,26510,17.80837,3734,22649,16.48637,5514825822,29267,188431.53797,37,29420,1.25764
중앙승가대학교,사립,경기,49,53,107,107,107,572773668,4253626076,13.46553,1520847783,4253626076,35.75414,1750000000,4253626076,41.14136,198567680,198567680,100.0,1750000000,2641910218,66.23994,4067603589,572773668,710.15897,11.04166,14,14,100,60,0,0,2280000,57,40000,0,0,0,0,0,0,0,0,0,0,0,0,0,0,0,0.0,107,28,3.82142,191246400,108896668,175.6219,322,107,300.93457,33,102,32.35294,15666000,128,122390.625,1,107,9.34579
중원대학교,사립,충북,3005,3324,3612,3612,3612,22886479813,51194839562,44.70466,824765050,51194839562,1.61103,5883587105,51194839562,11.49253,1694021360,1694021360,100.0,5883587105,15092573522,38.98332,44220199297,22886479813,193.21538,105.49032,537,774,69.37984,69.8,2,71.8,221400000,3690,60000.0,139780,123,1136.42276,94.5166,123,0.76842,19.3086,123,0.15698,3.9166,123,0.03184,2339700,123,19021.95121,7.76801,3612,155,23.30322,9763234129,21606076813,45.18744,2094,3444,60.80139,1159,3146,36.84043,211029618,3518,59985.67879,3.4,3612,0.9413
차의과학대학교,사립,경기,1936,2154,3476,3476,3476,27073877610,1.24926E+11,21.67198,2210358443,1.24926E+11,1.76933,6146112960,1.24926E+11,4.91981,6146112960,6146112960,100.0,6146112960,10552523499,58.24306,1.37365E+11,27073877610,507.37039,105.27859,413,539,76.62337,68,4,72,349735000,6116,57183.61674,858720,502,1710.5976,37.8322,502,0.07536,124.4948,502,0.24799,3.675,502,0.00732,15988403,502,31849.40836,8.48222,3476,150,23.17333,2963838071,14779715180,20.05341,680,2820,24.11347,571,2780,20.53956,336775036,3230,104264.71702,4,3476,1.15074
창신대학교,사립,경남,1291,1582,1945,1945,1945,12515031930,28514326591,43.89032,1097900000,28514326591,3.85034,1119803600,28514326591,3.92716,819803600,819803600,100.0,1119803600,1742259002,64.27308,24759233982,12515031930,197.83596,118.0597,348,481,72.34927,74.4,4,78.4,299352500,5445.5,54972.45432,81000,73,1109.58904,87.5301,73,1.19904,12.2302,73,0.16753,14.867,73,0.20365,439595,73,6021.84931,10.77305,1945,67,29.02985,2498617999,10343056930,24.15744,900,1716,52.44755,304,1454,20.90784,111260405,1933,57558.4092,2,1945,1.02827
청운대학교,사립,충남,3621,5135,5758,5758,5758,38510531270,71616753125,53.77307,429654400,71616753125,0.59993,532000000,71616753125,0.74284,524000000,2348545570,22.31168,532000000,1133077912,46.95175,69509777277,38510531270,180.4955,118.45444,985,1406,70.05689,56,4,60,830807910,15591.7,53285.2678,175600,154,1140.25974,95.0858,154,0.61744,14.0429,154,0.09118,19.4167,154,0.12608,8774801,154,56979.22727,11.38716,5758,157,36.67515,6938029713,35799554930,19.38021,733,5135,14.27458,662,4402,15.03861,359925869,5974,60248.72263,8.8,5758,1.5283
청주대학교,사립,충북,9711,11943,13811,13811,13811,96235545410,1.6586E+11,58.02227,1638182899,1.6586E+11,0.98769,680000000,1.6586E+11,0.40998,100000000,4441447315,2.25151,680000000,1087070237,62.55345,1.44515E+11,96235545410,150.16815,112.71234,1505,2317,64.95468,66.3,4,70.3,204414000,3297,62000.0,1384663,441,3139.82539,178.806,441,0.40545,60.8341,441,0.13794,14.6054,441,0.03311,22002440,441,49892.15419,9.45855,13811,220,62.77727,15587047399,85899956580,18.14558,2414,12605,19.15113,1500,9381,15.98976,904530050,12142,74495.96853,18,13811,1.3033
초당대학교,사립,전남,2082,2225,2375,2375,2375,16657692825,38718780073,43.02225,336850000,38718780073,0.86999,403750000,38718780073,1.04277,403750000,1258529660,32.08108,403750000,636247488,63.45801,34682730216,16657692825,208.20848,76.64485,427,589,72.49575,61.1,4,65.09999,8848000,158,56000,203000,88,2306.81818,55.8668,88,0.63485,1.8167,88,0.02064,8.0333,88,0.09128,805172,88,9149.68181,4.66317,2375,114,20.83333,4257858250,14986603124,28.41109,1220,2276,53.60281,520,1973,26.3558,157981214,2818,56061.46699,3.8,2375,1.6
총신대학교,사립,서울,1252,1398,3247,3247,3247,24323937316,43306540707,56.16689,6094610125,43306540707,14.07318,456000000,43306540707,1.05295,456000000,1495041580,30.50082,456000000,805612329,56.6029,36460481532,24323937316,149.89547,113.84364,187,273,68.49816,64.5,4,68.5,221100000,4020,55000.0,56800,104,546.15384,104.7,104,1.00673,1.25,104,0.01201,14.5389,104,0.13979,2089324,104,20089.65384,15.25115,3247,110,29.51818,1541350841,9533224650,16.1682,1289,2812,45.83926,1104,2768,39.88439,273981900,3268,83837.79069,2.8,3247,0.86233
추계예술대학교,사립,서울,1023,1113,1300,1300,1300,11328706650,19955522995,56.76978,938915468,19955522995,4.70504,1840000000,19955522995,9.2205,1010000000,1038111520,97.29205,1840000000,1968442034,93.47493,16938571656,11328706650,149.51902,111.3,162,268,60.44776,71.2,3.1,74.3,628499500,12150,51728.3539,30000,47,638.29787,0.9167,47,0.0195,0.5,47,0.01063,4.5583,47,0.09698,36000,47,765.95744,2.05512,1300,62,20.96774,1216376702,9331668770,13.03493,182,1255,14.50199,37,1092,3.38827,97298141,1276,76252.46159,1.8,1300,1.38461
충남대학교,국립,대전,16022,17696,22587,22587,22587,82207558160,3.87218E+11,21.23031,6282898380,3.87218E+11,1.62257,,,,,,,,,,5.01493E+11,82207558160,610.03284,118.23344,2301,3399,67.69638,69.9,1.5,71.4,4701478960,49247.9,95465.57233,7279910,1059,6874.32483,487.6274,1059,0.46046,685.6228,1059,0.64742,42.9005,1059,0.04051,173580403,1059,163909.72898,31.33024,22587,842,26.82541,13843601970,64262358720,21.54231,4665,21701,21.4967,4093,20992,19.4979,4490459056,22475,199797.95577,32.2,22587,1.42559
충북대학교,국립,충북,11813,13228,16490,16490,16490,61058660440,3.30902E+11,18.45218,4441464690,3.30902E+11,1.34222,,,,,,,,,,3.84885E+11,61058660440,630.35228,110.62975,1720,2773,62.02668,77.1,2.5,79.59999,3465447000,36945,93800.1624,6989163,800,8736.45375,453.509,800,0.56688,479.6443,800,0.59955,33.9421,800,0.04242,93456844,800,116821.055,26.00001,16490,569,28.98066,12001564725,52065602730,23.05085,3861,15799,24.43825,3668,15011,24.43541,3567304560,16373,217877.27111,23.3,16490,1.41297
칼빈대학교,사립,경기,305,2159,2544,2544,2544,15677359450,20401783623,76.84308,1440692608,20401783623,7.0616,262039640,20401783623,1.28439,262039640,483351690,54.21303,262039640,600187263,43.65964,18388274393,15677359450,117.29191,599.72222,44,52,84.61538,68.9,0,0,6180000,120,51500,39600,80,495,38.55,80,0.48187,1.5,80,0.01875,5,80,0.0625,300,80,3.75,2.42032,2544,42,60.57142,1941449628,9470049000,20.50094,282,2458,11.47274,100,357,28.0112,149999964,2107,71191.25011,2,2544,0.78616
평택대학교,사립,경기,2771,3006,3476,3476,3476,25692994852,41327239860,62.16963,3651432459,41327239860,8.83541,203000000,41327239860,0.4912,203000000,1842051720,11.02032,203000000,708194235,28.66445,39740992761,25692994852,154.67637,93.26714,425,717,59.27475,66.6,4,70.59999,240038000,4437,54099.1661,205000,120,1708.33333,79.7263,120,0.66438,3.952,120,0.03293,3.4667,120,0.02888,2341371,120,19511.425,4.98954,3476,116,29.96551,3807476640,21679894683,17.56224,979,3256,30.06756,421,3166,13.29753,147947906,3475,42574.93697,4.8,3476,1.38089
포항공과대학교,사립,경북,1332,1477,3709,3709,3709,28387962168,1.87717E+11,15.1227,9671565214,1.87717E+11,5.15219,85227556000,1.87717E+11,45.40203,4815253801,4815253801,100.0,85227556000,97743379246,87.19522,4.56843E+11,28387962168,1609.28435,115.39062,247,266,92.85714,111.3,0.3,111.6,29280000,336,87142.85714,11629962,284,40950.57042,12.2561,284,0.04315,300.924,284,1.05959,6.9944,284,0.02462,223406946,284,786644.17605,100.39001,3709,1235,3.00323,6918061264,7691575168,89.94336,2971,3460,85.86705,2424,3368,71.97149,4286477691,3581,1197005.77799,9,3709,2.42653
한경국립대학교,국립,경기,4887,5428,5797,5797,5797,20235869715,1.29707E+11,15.60119,391351380,1.29707E+11,0.30171,,,,,,,,,,1.08904E+11,20235869715,538.17344,110.52738,717,1093,65.59926,90.1,0.8,90.9,2021288220,22405.5,90213.9305,353960,256,1382.65625,106.3862,256,0.41557,99.9961,256,0.3906,20.7123,256,0.0809,11238800,256,43901.5625,14.73815,5797,323,17.94736,4336407886,20103401395,21.57051,1433,5793,24.73675,1379,5680,24.27816,674110851,5715,117954.65459,8.8,5797,1.51802
한국공학대학교,사립,경기,5912,7596,8016,8016,8016,62392359890,1.13225E+11,55.10482,1077521000,1.13225E+11,0.95166,3968833000,1.13225E+11,3.50526,2940833000,3490059952,84.2631,3968833000,6385409134,62.15471,1.28804E+11,62392359890,206.44242,136.86486,1036,1522,68.06833,73.7,4,77.7,598800000,10605,56463.9321,2619300,262,9997.32824,35.9409,262,0.13717,39.6902,262,0.15148,9.9166,262,0.03784,20015367,262,76394.53053,11.692,8016,233,34.40343,9955085174,58291766970,17.07802,2335,6573,35.52411,2223,6331,35.11293,512552976,7674,66790.8491,10,8016,1.2475
한국기술교육대학교,사립,충남,3590,4157,4737,4737,4737,20343809132,1.98282E+11,10.26002,573519572,1.98282E+11,0.28924,1.32089E+11,1.98282E+11,66.61643,5408938720,5007135826,108.0246,1.32089E+11,1.33968E+11,98.59698,2.14041E+11,20343809132,1052.11661,124.3122,653,773,84.47606,85.5,2.6,88.1,739125000,9855,75000.0,2724000,184,14804.34782,113.8152,184,0.61856,83.1283,184,0.45178,4.6457,184,0.02524,23196921,184,126070.22282,23.83082,4737,462,10.25324,6722527794,16729406521,40.18389,2545,4515,56.36766,2411,4453,54.14327,1115164131,4785,233054.15485,5,4737,1.05552
한국성서대학교,사립,서울,883,972,1141,1141,1141,7465730500,17156664158,43.51504,590333088,17156664158,3.44083,623377810,17156664158,3.63344,621877810,700391230,88.79006,623377810,6365450132,9.79314,14728382201,7465730500,197.27985,108.3612,168,231,72.72727,75.9,4,79.9,74820000,1290,58000.0,61606,41,1502.58536,39.0383,41,0.95215,3.8005,41,0.09269,4.05,41,0.09878,696948,41,16998.7317,7.92055,1141,56,20.375,1160415057,6130977000,18.92708,172,968,17.76859,127,941,13.49628,97088184,1143,84941.5433,2,1141,1.75284
한국외국어대학교,사립,서울,13952,17101,19648,19648,19648,1.45005E+11,2.35709E+11,61.51858,5422260853,2.35709E+11,2.3004,4000000000,2.35709E+11,1.697,4000000000,9017983450,44.35581,4000000000,6514297919,61.40339,2.22073E+11,1.45005E+11,153.14833,124.78838,2271,3391,66.97139,70.9,4,74.9,2102388875,39480,53251.99784,4399275,612,7188.35784,422.6044,612,0.69053,133.7847,612,0.2186,146.9936,612,0.24018,16849378,612,27531.66339,19.74186,19648,358,54.88268,18638327429,1.14471E+11,16.28209,3431,18834,18.21705,2957,15764,18.75792,2658231211,19305,137696.51442,19.8,19648,1.00773
한국체육대학교,국립,서울,2187,2339,2974,2974,2974,10162112780,62807572112,16.17975,468334613,62807572112,0.74566,,,,,,,,,,46729073270,10162112780,459.8362,109.29906,430,548,78.46715,73.7,0,0,774949500,7605,101900.0,199215,118,1688.26271,115.9041,118,0.98223,8.9345,118,0.07571,8.0858,118,0.06852,1502976,118,12737.08474,10.31699,2974,156,19.0641,2390703069,8836592640,27.05458,960,2564,37.44149,823,2537,32.43988,273343060,2974,91910.91459,4.8,2974,1.61398
한국침례신학대학교,사립,대전,662,677,1328,1328,1328,8055872815,15851522908,50.82081,967495941,15851522908,6.10348,140000000,15851522908,0.88319,140000000,729805990,19.18318,140000000,249121288,56.19752,15236233476,8055872815,189.132,83.47718,111,184,60.32608,66.2,4,70.2,23790000,390,61000.0,32240,55,586.18181,27.7,55,0.50363,3,55,0.05454,3.2429,55,0.05896,240210,55,4367.45454,4.60538,1328,58,22.89655,1017452053,4125807775,24.66067,625,1329,47.02784,291,1315,22.12927,111803870,1398,79974.15593,1,1328,0.75301
한국항공대학교,사립,경기,3604,4255,4894,4894,4894,39823777650,77392092105,51.45716,2193370423,77392092105,2.8341,3317113880,77392092105,4.28611,2028213880,3167642770,64.02912,3317113880,22599177713,14.67802,1.0557E+11,39823777650,265.09302,123.69186,552,749,73.69826,66.9,0.4,67.3,242273700,3795,63840.23715,470000,168,2797.61904,75.0948,168,0.44699,73.8686,168,0.43969,4.5679,168,0.02718,23111561,168,137568.81547,24.28104,4894,282,17.3546,6303214143,32480805600,19.40596,761,4653,16.35503,592,4368,13.55311,339352914,4718,71927.28147,6.2,4894,1.26685
한남대학교,사립,대전,10427,11608,12600,12600,12600,80962197321,1.48132E+11,54.65555,1378982900,1.48132E+11,0.93091,667316000,1.48132E+11,0.45048,417316000,4669975299,8.93615,667316000,4093425808,16.30213,1.40509E+11,80962197321,173.5483,106.17396,1460,2264,64.48763,66.2,4,70.2,469902000,8535,55055.88752,583300,385,1515.06493,234.8742,385,0.61006,60.5538,385,0.15728,29.197,385,0.07583,22980030,385,59688.38961,12.12146,12600,257,49.02723,12827321263,73206690321,17.52206,1544,12058,12.80477,970,11141,8.70657,1112684190,12457,89322.00288,13.6,12600,1.07936
한동대학교,사립,경북,3368,3876,4247,4247,4247,31354770687,87612548999,35.78799,8375135126,87612548999,9.55928,2860000000,87612548999,3.26437,2528999380,2528999380,100.0,2860000000,8996468657,31.79025,86526100891,31354770687,275.95832,132.92181,516,780,66.15384,74.4,0.4,74.8,300640000,4360,68954.12844,172000,146,1178.08219,53.132,146,0.36391,28.8684,146,0.19772,4.2667,146,0.02922,7195844,146,49286.60273,10.41006,4247,184,23.08152,5239882870,25199853135,20.7933,3374,4163,81.04732,2905,3983,72.93497,305440728,4323,70654.80638,5,4247,1.1773
한라대학교,사립,강원,2761,3128,3157,3157,3157,19358217198,39182390640,49.4054,500513955,39182390640,1.27739,1893263000,39182390640,4.83192,1311883000,1305121430,100.51807,1893263000,4267368460,44.36605,38713659204,19358217198,199.98566,88.11267,450,702,64.10256,67.7,4,71.7,294679500,5115,57610.85043,111300,109,1021.10091,82.0001,109,0.75229,14.544,109,0.13343,11.2054,109,0.1028,1913844,109,17558.20183,8.28722,3157,122,25.87704,3851773127,19113877398,20.1517,622,3085,20.16207,552,2902,19.02136,195543504,3293,59381.56817,4.6,3157,1.45707
한림대학교,사립,강원,7019,7575,8203,8203,8203,55148671390,1.88748E+11,29.21811,1414582935,1.88748E+11,0.74945,58865731510,1.88748E+11,31.18743,9368811400,9368811400,100.0,58865731510,2.91104E+11,20.22151,2.33693E+11,55148671390,423.75022,102.80944,1016,1544,65.8031,81.5,2.9,84.4,451875000,8415,53698.75222,2042744,705,2897.50921,142.5579,705,0.2022,275.7371,705,0.39111,22.3787,705,0.03174,51557755,705,73131.56737,16.24227,8203,302,27.16225,8839224117,48190339720,18.34231,2627,7943,33.07314,2423,7767,31.19608,1116870191,7884,141662.88571,8.8,8203,1.07277
한서대학교,사립,충남,5582,6117,6580,6580,6580,49233011962,96229750117,51.16194,765107000,96229750117,0.79508,50000000,96229750117,0.05195,50000000,3043215495,1.64299,50000000,237237827,21.07589,99275284561,49233011962,201.64373,99.12493,964,1355,71.14391,70.4,4,74.4,444476100,7991.7,55617.21536,345295,229,1507.83842,106.1529,229,0.46354,37.0202,229,0.16166,18.4999,229,0.08078,11801836,229,51536.40174,11.05769,6580,202,32.57425,8629979684,44989926962,19.18202,1904,6477,29.39632,1811,6192,29.24741,376903481,6619,56942.66218,6.5,6580,0.98784
한성대학교,사립,서울,5921,7011,8203,8203,8203,59751615520,99639001549,59.96809,784809936,99639001549,0.78765,460000000,99639001549,0.46166,460000000,3960214629,11.61553,460000000,775256142,59.33522,92315085181,59751615520,154.49805,118.5893,901,1395,64.58781,73,4,77,703971000,12916.5,54501.68389,1330900,282,4719.50354,126.1099,282,0.44719,19.4698,282,0.06904,14.3452,282,0.05086,6695485,282,23742.8546,5.88065,8203,290,28.2862,8804063585,51136872557,17.21666,715,6828,10.47158,477,6132,7.77886,457430741,8029,56972.31797,13,8203,1.58478
한세대학교,사립,경기,2340,2509,3119,3119,3119,23009853500,38567917881,59.6606,3369547000,38567917881,8.73665,1592730530,38567917881,4.12967,1570154530,1570154530,100.0,1592730530,2888159172,55.1469,36108978872,23009853500,156.92833,110.82155,345,478,72.17573,62.8,4,66.8,470160000,8670,54228.3737,63700,100,637,102.7286,100,1.02728,1.5429,100,0.01542,8.8777,100,0.08877,504021,100,5040.21,6.93482,3119,88,35.44318,3411081524,17793597500,19.17027,346,2845,12.16168,195,2682,7.27069,188994934,3121,60555.89041,3.8,3119,1.21833
한신대학교,사립,경기,4737,5172,5531,5531,5531,37242170399,65232017573,57.09185,1408566890,65232017573,2.15931,879051700,65232017573,1.34757,711686000,2784332890,25.56037,879051700,1245310818,70.58893,58959248543,37242170399,158.31313,109.62272,610,1004,60.75697,71.1,4,75.09999,424032000,7572,56000.0,178250,175,1018.57142,122.0024,175,0.69715,13.2334,175,0.07561,11.2429,175,0.06424,4578006,175,26160.03428,16.14264,5531,159,34.78616,5260765183,33760557433,15.58257,776,5446,14.24899,653,5266,12.4003,354607874,5645,62818.04676,7.8,5531,1.41023
한양대학교,사립,서울,11774,16432,24809,24809,24809,2.56577E+11,4.34174E+11,59.09547,14312386705,4.34174E+11,3.29646,12765354000,4.34174E+11,2.94014,10173291000,15416665455,65.98891,12765354000,35487250774,35.97166,6.57129E+11,2.56577E+11,256.11334,138.67836,2222,2968,74.86522,67.1,4,71.09999,972042420,17923.5,54232.84626,15178011,1141,13302.37598,388.3842,1141,0.34038,882.7464,1141,0.77366,89.7453,1141,0.07865,282392234,1141,247495.38475,42.5062,24809,790,31.40379,27792189990,1.33041E+11,20.88987,3457,22092,15.64819,2405,18359,13.09984,7366766752,24097,305713.02452,26.9,24809,1.08428
한양대학교(ERICA),사립,경기,7681,10890,12900,12900,12900,1.22071E+11,1.99007E+11,61.33996,1712390480,1.99007E+11,0.86046,4106318000,1.99007E+11,2.0634,4106318000,6166936356,66.58602,4106318000,35487250774,11.57124,2.87072E+11,1.22071E+11,235.16845,139.3474,1512,2086,72.48322,65.7,4,69.7,838838000,15570,53875.27296,7566941,415,18233.59277,183.2188,415,0.44149,260.3625,415,0.62737,13.3083,415,0.03206,109140685,415,262989.6024,40.64242,12900,332,38.85542,18883421382,91085539147,20.73152,2743,12591,21.7854,1988,9690,20.51599,2903248319,12350,235080.83554,13,12900,1.00775
한일장신대학교,사립,전북,630,699,859,859,859,5628580932,10023470462,56.15401,637698825,10023470462,6.36205,54000000,10023470462,0.53873,54000000,430034032,12.55714,54000000,168228720,32.09915,8923811430,5628580932,158.5446,79.79452,106,153,69.28104,60.6,4,64.59999,80874000,1491,54241.44869,14425,37,389.86486,8,37,0.21621,0,37,0,3.554,37,0.09605,5450,37,147.29729,2.23339,859,23,37.34782,1147761823,4495949382,25.52879,223,810,27.53086,107,747,14.32396,31301531,905,34587.32707,1,859,1.16414
협성대학교,사립,경기,3530,3773,3978,3978,3978,28153720250,40280865619,69.89353,352089593,40280865619,0.87408,265000000,40280865619,0.65788,265000000,1732303480,15.29755,265000000,726970603,36.45264,45121582232,28153720250,160.26863,93.9492,522,862,60.55684,63.6,3.7,67.3,150915000,2787,54149.62325,119663,128,934.86718,61.9833,128,0.48424,3.3167,128,0.02591,11.3207,128,0.08844,1213508,128,9480.53125,7.59787,3978,75,53.04,4055587317,26788891830,15.13906,484,3864,12.52587,228,3859,5.90826,232200000,4053,57290.89563,5,3978,1.25691
호남대학교,사립,광주,5278,6223,7258,7258,7258,48518344290,94442062111,51.37366,636087200,94442062111,0.67352,252341000,94442062111,0.26719,252341000,2177821678,11.58685,252341000,1774086369,14.22371,74986005325,48518344290,154.55186,102.55438,958,1476,64.90514,67.5,0.7,68.2,271456000,4755.5,57082.53601,342000,243,1407.4074,174.9014,243,0.71975,20.3491,243,0.08374,15.5151,243,0.06384,5444111,243,22403.74897,7.03578,7258,121,59.98347,7188961530,40771241970,17.63243,1856,6799,27.29813,811,5536,14.64956,472104267,7739,61003.26489,8,7258,1.10223
호남신학대학교,사립,광주,391,396,695,695,695,4034288932,7126785527,56.60741,293050330,7126785527,4.11195,351984866,7126785527,4.9389,350730266,350730266,100.0,351984866,1279418552,27.51131,5693009029,4034288932,141.11555,83.19327,77,108,71.29629,65.3,0,0,8761500,165,53100,6000,32,187.5,15.2,32,0.475,0.25,32,0.00781,4.4111,32,0.13784,0,32,0,3.65459,695,17,40.88235,520395468,2377765462,21.8859,249,620,40.16129,68,615,11.05691,61940257,686,90291.91982,1.8,695,2.58992
호서대학교,사립,충남,10882,11923,13918,13918,13918,1.05231E+11,1.74507E+11,60.30206,1415037750,1.74507E+11,0.81087,810000000,1.74507E+11,0.46416,810000000,5570938223,14.53974,810000000,1263007702,64.13262,1.79652E+11,1.05231E+11,170.7212,103.06881,1775,2722,65.2094,62.9,3.9,66.8,896028000,15972,56099.92486,776000,432,1796.29629,191.0934,432,0.44234,51.0697,432,0.11821,20.6554,432,0.04781,12556790,432,29066.64351,7.33173,13918,307,45.3355,16330912495,88468347267,18.45961,3313,13542,24.46462,2658,12584,21.12205,886508764,13660,64898.15256,16.75,13918,1.20347
호원대학교,사립,전북,3478,5013,5013,5013,5013,33268801360,64354504543,51.69615,530114560,64354504543,0.82374,532000000,64354504543,0.82667,532000000,2041612330,26.05783,532000000,721573068,73.7278,51449528078,33268801360,154.64797,117.20832,904,1205,75.02074,58.9,4,62.9,1583370000,29610,53474.16413,373252,141,2647.1773,66.4261,141,0.4711,5.3429,141,0.03789,66.4999,141,0.47163,571200,141,4051.06382,10.36949,5013,107,46.85046,6229528424,33240841360,18.74058,2037,5012,40.64245,657,4509,14.57085,284805952,5100,55844.30431,5.8,5013,1.15699
홍익대학교,사립,서울,14880,17886,21980,21980,21980,1.99295E+11,3.19996E+11,62.28039,2671526732,3.19996E+11,0.83486,2780000000,3.19996E+11,0.86876,2780000000,8345595880,33.31098,2780000000,3863534419,71.95483,2.69794E+11,1.99295E+11,135.37439,119.51089,2449,3641,67.26174,64.5,4,68.5,435504750,7440,58535.58467,5997260,725,8272.08275,391.9565,725,0.54062,239.3119,725,0.33008,45.3583,725,0.06256,35889086,725,49502.18758,14.1393,21980,490,44.85714,38121127911,1.45802E+11,26.14588,2520,19793,12.73177,2329,18083,12.8795,3566716363,21766,163866.41381,24.8,21980,1.12829
화성의과학대학교,사립,경기,495,533,533,533,533,3260380890,6241636319,52.23599,81286800,6241636319,1.30233,2732068129,6241636319,43.77166,377153884,352869260,106.88204,2732068129,4439164823,61.54464,5961455485,3260380890,182.84536,50.47348,46,80,57.49999,67.3,4,71.3,78339600,1389,56400.0,39899,31,1287.06451,9.0545,31,0.29208,4.441,31,0.14325,0,31,0,277908,31,8964.77419,4.59615,533,21,25.38095,440136412,3253555890,13.52785,330,533,61.91369,313,532,58.83458,59639976,450,132533.28,1,533,1.87617
